Request id,Pickup point,Status,Request timestamp.3
619,Airport,Trip Completed,2016 11:51:00
867,Airport,Trip Completed,2016 17:57:00
1807,City,Trip Completed,2016 09:17:00
2532,Airport,Trip Completed,2016 21:08:00
3112,City,Trip Completed,2016 08:33:16
3879,Airport,Trip Completed,2016 21:57:28
4270,Airport,Trip Completed,2016 06:15:32
5510,Airport,Trip Completed,2016 05:11:52
6248,City,Trip Completed,2016 17:57:27
267,City,Trip Completed,2016 06:46:00
1467,Airport,Trip Completed,2016 05:08:00
1983,City,Trip Completed,2016 12:30:00
2784,Airport,Trip Completed,2016 04:49:20
3075,City,Trip Completed,2016 08:02:53
3379,City,Trip Completed,2016 14:23:02
3482,Airport,Trip Completed,2016 17:23:18
4652,City,Trip Completed,2016 12:01:02
5335,Airport,Trip Completed,2016 22:24:13
535,Airport,Trip Completed,2016 10:00:00
960,Airport,Trip Completed,2016 18:45:00
1934,Airport,Trip Completed,2016 11:17:00
2083,Airport,Trip Completed,2016 15:46:00
2211,Airport,Trip Completed,2016 18:00:00
3096,Airport,Trip Completed,2016 08:17:29
3881,Airport,Trip Completed,2016 21:54:18
5254,City,Trip Completed,2016 21:23:03
5434,City,Trip Completed,2016 02:41:38
5916,City,Trip Completed,2016 10:00:43
669,City,Trip Completed,2016 13:08:00
1567,Airport,Trip Completed,2016 06:21:00
1826,City,Trip Completed,2016 09:27:00
2102,City,Trip Completed,2016 16:09:00
2847,Airport,Trip Completed,2016 05:34:20
3722,Airport,Trip Completed,2016 19:57:59
4075,City,Trip Completed,2016 02:17:35
4686,City,Trip Completed,2016 13:01:10
5771,Airport,Trip Completed,2016 08:30:06
6106,Airport,Trip Completed,2016 15:01:20
312,City,Trip Completed,2016 07:27:00
577,Airport,Trip Completed,2016 11:03:00
1179,City,Trip Completed,2016 20:58:00
1756,Airport,Trip Completed,2016 08:40:00
2052,City,Trip Completed,2016 14:48:00
2559,City,Trip Completed,2016 21:32:00
3014,City,Trip Completed,2016 07:28:14
3317,City,Trip Completed,2016 12:14:27
4297,City,Trip Completed,2016 06:43:01
5857,Airport,Trip Completed,2016 09:08:50
6690,Airport,Trip Completed,2016 22:41:41
1517,Airport,Trip Completed,2016 05:45:00
1999,Airport,Trip Completed,2016 13:02:00
2960,Airport,Trip Completed,2016 06:50:33
3882,City,Trip Completed,2016 21:53:03
4081,Airport,Trip Completed,2016 02:37:14
4740,City,Trip Completed,2016 14:50:07
5270,City,Trip Completed,2016 21:33:55
6758,Airport,Trip Completed,2016 00:03:39
5741,City,Trip Completed,2016 07:52:51
6087,Airport,Trip Completed,2016 14:28:50
1039,City,Trip Completed,2016 19:31:00
1273,Airport,Trip Completed,2016 22:07:00
2480,City,Trip Completed,2016 20:39:00
4105,City,Trip Completed,2016 03:39:38
4509,City,Trip Completed,2016 09:11:13
4986,Airport,Trip Completed,2016 18:52:32
5898,City,Trip Completed,2016 09:50:28
6142,Airport,Trip Completed,2016 15:50:15
380,Airport,Trip Completed,2016 08:18:00
1050,Airport,Trip Completed,2016 19:39:00
1769,City,Trip Completed,2016 08:57:00
2520,City,Trip Completed,2016 21:05:00
3265,Airport,Trip Completed,2016 10:22:07
4648,City,Trip Completed,2016 11:55:10
449,Airport,Trip Completed,2016 09:08:00
846,Airport,Trip Completed,2016 17:46:00
1346,Airport,Trip Completed,2016 23:39:00
1474,Airport,Trip Completed,2016 05:13:00
2240,City,Trip Completed,2016 18:20:00
3072,Airport,Trip Completed,2016 08:04:57
3459,Airport,Trip Completed,2016 17:03:30
3774,Airport,Trip Completed,2016 20:41:24
4023,City,Trip Completed,2016 23:58:41
4117,City,Trip Completed,2016 04:21:42
4880,Airport,Trip Completed,2016 17:58:46
5568,Airport,Trip Completed,2016 05:47:49
5994,Airport,Trip Completed,2016 11:51:16
1809,Airport,Trip Completed,2016 09:13:00
2064,Airport,Trip Completed,2016 15:08:00
3210,City,Trip Completed,2016 09:47:06
4350,City,Trip Completed,2016 07:24:43
4713,City,Trip Completed,2016 13:31:24
5629,Airport,Trip Completed,2016 06:33:00
6157,Airport,Trip Completed,2016 16:32:51
2030,City,Trip Completed,2016 14:11:00
3226,City,Trip Completed,2016 10:00:17
3353,City,Trip Completed,2016 13:29:44
4293,City,Trip Completed,2016 06:42:36
4936,City,Trip Completed,2016 18:22:17
5661,Airport,Trip Completed,2016 07:08:50
5778,City,Trip Completed,2016 08:22:03
6425,Airport,Trip Completed,2016 19:46:40
45,Airport,Trip Completed,2016 03:17:00
264,City,Trip Completed,2016 06:51:00
1183,City,Trip Completed,2016 21:05:00
1536,Airport,Trip Completed,2016 05:59:00
2437,City,Trip Completed,2016 20:18:00
2641,Airport,Trip Completed,2016 22:28:00
4077,Airport,Trip Completed,2016 02:14:15
4610,City,Trip Completed,2016 10:35:14
5066,Airport,Trip Completed,2016 19:31:20
5666,Airport,Trip Completed,2016 07:04:55
5923,City,Trip Completed,2016 10:07:49
6367,City,Trip Completed,2016 19:04:46
155,City,Trip Completed,2016 05:32:00
310,Airport,Trip Completed,2016 07:24:00
607,City,Trip Completed,2016 11:51:00
1012,City,Trip Completed,2016 19:15:00
1696,Airport,Trip Completed,2016 08:01:00
3076,City,Trip Completed,2016 08:09:04
4198,Airport,Trip Completed,2016 05:32:14
4627,City,Trip Completed,2016 11:13:19
5289,City,Trip Completed,2016 21:43:24
5495,Airport,Trip Completed,2016 05:00:13
6656,Airport,Trip Completed,2016 22:08:42
139,Airport,Trip Completed,2016 05:21:00
215,City,Trip Completed,2016 06:15:00
1816,City,Trip Completed,2016 09:24:00
2505,Airport,Trip Completed,2016 21:03:00
3346,City,Trip Completed,2016 13:01:42
5294,City,Trip Completed,2016 21:45:50
6226,Airport,Trip Completed,2016 17:34:25
6733,Airport,Trip Completed,2016 23:32:44
1027,Airport,Trip Completed,2016 19:18:00
2675,Airport,Trip Completed,2016 23:43:00
3200,City,Trip Completed,2016 09:39:44
3865,City,Trip Completed,2016 21:52:05
4468,City,Trip Completed,2016 08:42:46
5163,Airport,Trip Completed,2016 20:34:30
6009,City,Trip Completed,2016 12:22:35
6448,Airport,Trip Completed,2016 20:02:54
591,City,Trip Completed,2016 11:25:00
709,City,Trip Completed,2016 14:16:00
1167,Airport,Trip Completed,2016 20:50:00
2661,Airport,Trip Completed,2016 23:23:00
2808,City,Trip Completed,2016 05:05:16
3258,Airport,Trip Completed,2016 10:12:51
3413,Airport,Trip Completed,2016 15:32:01
3939,Airport,Trip Completed,2016 22:26:26
4125,City,Trip Completed,2016 04:37:11
4457,City,Trip Completed,2016 08:36:24
4728,City,Trip Completed,2016 14:04:13
5347,Airport,Trip Completed,2016 22:51:47
6147,City,Trip Completed,2016 16:11:02
6496,Airport,Trip Completed,2016 20:33:00
634,City,Trip Completed,2016 12:25:00
939,Airport,Trip Completed,2016 18:25:00
2628,Airport,Trip Completed,2016 22:10:00
3021,City,Trip Completed,2016 07:33:20
4743,City,Trip Completed,2016 14:54:16
4981,City,Trip Completed,2016 18:47:42
5367,Airport,Trip Completed,2016 23:35:34
5471,Airport,Trip Completed,2016 04:48:57
5988,Airport,Trip Completed,2016 11:48:32
6477,Airport,Trip Completed,2016 20:21:26
499,City,Trip Completed,2016 09:39:00
1147,Airport,Trip Completed,2016 20:42:00
1410,Airport,Trip Completed,2016 03:14:00
1804,Airport,Trip Completed,2016 09:12:00
1949,Airport,Trip Completed,2016 11:32:00
2713,City,Trip Completed,2016 01:46:42
2845,City,Trip Completed,2016 05:28:29
3943,Airport,Trip Completed,2016 22:35:38
4792,City,Trip Completed,2016 16:47:15
5207,Airport,Trip Completed,2016 20:57:41
5890,City,Trip Completed,2016 09:43:57
494,City,Trip Completed,2016 09:36:00
1485,City,Trip Completed,2016 05:21:00
2042,City,Trip Completed,2016 14:30:00
2561,Airport,Trip Completed,2016 21:29:00
3813,Airport,Trip Completed,2016 21:06:57
4260,Airport,Trip Completed,2016 06:11:51
4395,City,Trip Completed,2016 08:00:15
5919,City,Trip Completed,2016 10:03:42
6002,Airport,Trip Completed,2016 12:04:15
468,City,Trip Completed,2016 09:20:00
693,Airport,Trip Completed,2016 13:51:00
1178,City,Trip Completed,2016 21:05:00
2103,City,Trip Completed,2016 16:08:00
2292,Airport,Trip Completed,2016 18:46:00
3339,City,Trip Completed,2016 12:40:58
3694,City,Trip Completed,2016 19:33:19
4469,City,Trip Completed,2016 08:45:13
6432,City,Trip Completed,2016 19:50:57
1895,City,Trip Completed,2016 10:20:00
1981,Airport,Trip Completed,2016 12:23:00
3744,Airport,Trip Completed,2016 20:28:11
4433,Airport,Trip Completed,2016 08:26:32
6039,Airport,Trip Completed,2016 13:11:04
6543,City,Trip Completed,2016 20:54:20
110,City,Trip Completed,2016 05:05:00
362,City,Trip Completed,2016 08:01:00
666,Airport,Trip Completed,2016 13:02:00
926,City,Trip Completed,2016 18:28:00
1180,Airport,Trip Completed,2016 21:01:00
1900,City,Trip Completed,2016 10:32:00
2506,City,Trip Completed,2016 21:01:00
3064,City,Trip Completed,2016 08:02:03
3327,Airport,Trip Completed,2016 12:24:41
3601,City,Trip Completed,2016 18:39:00
4768,Airport,Trip Completed,2016 15:39:24
5142,City,Trip Completed,2016 20:17:51
5366,Airport,Trip Completed,2016 23:27:22
5575,City,Trip Completed,2016 05:53:55
5902,City,Trip Completed,2016 09:52:57
6694,Airport,Trip Completed,2016 22:45:44
523,Airport,Trip Completed,2016 09:48:00
747,City,Trip Completed,2016 15:53:00
1371,Airport,Trip Completed,2016 00:22:00
1553,City,Trip Completed,2016 06:09:00
1692,Airport,Trip Completed,2016 07:52:00
2114,City,Trip Completed,2016 16:36:00
2742,City,Trip Completed,2016 03:07:37
4273,City,Trip Completed,2016 06:17:01
4668,City,Trip Completed,2016 12:25:02
5425,City,Trip Completed,2016 02:23:56
5488,City,Trip Completed,2016 04:53:42
5781,City,Trip Completed,2016 08:35:47
5966,Airport,Trip Completed,2016 10:54:27
6122,City,Trip Completed,2016 15:26:06
357,Airport,Trip Completed,2016 08:00:00
1068,City,Trip Completed,2016 19:52:00
2689,Airport,Trip Completed,2016 00:34:03
2791,City,Trip Completed,2016 04:56:20
3321,City,Trip Completed,2016 12:23:02
3423,Airport,Trip Completed,2016 15:52:07
3761,Airport,Trip Completed,2016 20:35:24
4140,City,Trip Completed,2016 04:48:09
4656,City,Trip Completed,2016 12:06:27
4931,Airport,Trip Completed,2016 18:21:52
5268,City,Trip Completed,2016 21:29:35
5811,City,Trip Completed,2016 08:46:30
6139,Airport,Trip Completed,2016 15:45:16
6333,Airport,Trip Completed,2016 18:41:22
773,City,Trip Completed,2016 16:23:00
1123,City,Trip Completed,2016 20:20:00
2667,Airport,Trip Completed,2016 23:35:00
2833,City,Trip Completed,2016 05:27:26
3396,City,Trip Completed,2016 14:59:08
3590,City,Trip Completed,2016 18:31:29
3762,City,Trip Completed,2016 20:38:10
4566,City,Trip Completed,2016 09:48:56
4862,City,Trip Completed,2016 17:37:44
5564,Airport,Trip Completed,2016 05:41:11
6187,City,Trip Completed,2016 17:11:08
6642,City,Trip Completed,2016 22:07:14
322,City,Trip Completed,2016 07:31:00
793,City,Trip Completed,2016 17:04:00
898,Airport,Trip Completed,2016 18:14:00
1258,City,Trip Completed,2016 21:51:00
2832,City,Trip Completed,2016 05:20:16
3139,City,Trip Completed,2016 08:54:04
3438,City,Trip Completed,2016 16:12:53
3966,Airport,Trip Completed,2016 22:50:42
6401,Airport,Trip Completed,2016 19:33:00
204,City,Trip Completed,2016 06:04:00
632,Airport,Trip Completed,2016 12:20:00
763,City,Trip Completed,2016 16:19:00
1786,Airport,Trip Completed,2016 09:03:00
1968,City,Trip Completed,2016 12:10:00
2088,Airport,Trip Completed,2016 15:51:00
2473,Airport,Trip Completed,2016 20:43:00
2869,Airport,Trip Completed,2016 05:50:09
3742,Airport,Trip Completed,2016 20:24:23
4440,Airport,Trip Completed,2016 08:26:29
5234,City,Trip Completed,2016 21:09:47
6354,Airport,Trip Completed,2016 18:59:01
6638,City,Trip Completed,2016 21:59:10
84,City,Trip Completed,2016 04:50:00
1199,City,Trip Completed,2016 21:17:00
1676,Airport,Trip Completed,2016 07:44:00
2774,City,Trip Completed,2016 04:33:38
3220,Airport,Trip Completed,2016 09:51:41
3718,Airport,Trip Completed,2016 19:56:20
4904,Airport,Trip Completed,2016 18:02:23
6527,Airport,Trip Completed,2016 20:54:01
6710,City,Trip Completed,2016 23:02:36
1584,Airport,Trip Completed,2016 06:26:00
1966,Airport,Trip Completed,2016 12:05:00
2827,City,Trip Completed,2016 05:18:31
2945,Airport,Trip Completed,2016 06:34:13
3365,City,Trip Completed,2016 13:47:14
3548,Airport,Trip Completed,2016 18:07:42
3753,City,Trip Completed,2016 20:30:08
4569,Airport,Trip Completed,2016 09:48:17
6309,Airport,Trip Completed,2016 18:29:54
6437,City,Trip Completed,2016 19:53:52
517,Airport,Trip Completed,2016 09:45:00
1406,Airport,Trip Completed,2016 03:02:00
1643,Airport,Trip Completed,2016 07:18:00
2108,Airport,Trip Completed,2016 16:14:00
2647,City,Trip Completed,2016 22:46:00
3129,City,Trip Completed,2016 08:41:49
3738,Airport,Trip Completed,2016 20:15:54
4422,Airport,Trip Completed,2016 08:13:15
4790,City,Trip Completed,2016 16:43:53
5496,City,Trip Completed,2016 04:59:58
6484,Airport,Trip Completed,2016 20:19:45
6731,Airport,Trip Completed,2016 23:23:55
629,Airport,Trip Completed,2016 12:14:00
745,Airport,Trip Completed,2016 15:48:00
1064,City,Trip Completed,2016 19:53:00
1886,Airport,Trip Completed,2016 10:10:00
5608,Airport,Trip Completed,2016 06:18:36
5877,City,Trip Completed,2016 09:37:21
6100,Airport,Trip Completed,2016 14:44:32
6659,Airport,Trip Completed,2016 22:15:45
2162,Airport,Trip Completed,2016 17:34:00
3294,Airport,Trip Completed,2016 11:23:36
3686,City,Trip Completed,2016 19:33:18
4784,City,Trip Completed,2016 16:41:52
5896,City,Trip Completed,2016 09:47:11
6190,City,Trip Completed,2016 17:11:33
6551,City,Trip Completed,2016 21:03:02
145,City,Trip Completed,2016 05:32:00
735,City,Trip Completed,2016 15:27:00
918,Airport,Trip Completed,2016 18:22:00
1478,City,Trip Completed,2016 05:16:00
1957,City,Trip Completed,2016 11:45:00
3097,City,Trip Completed,2016 08:15:34
3981,Airport,Trip Completed,2016 23:13:54
4175,City,Trip Completed,2016 05:11:15
6237,City,Trip Completed,2016 17:50:37
738,City,Trip Completed,2016 15:30:00
2731,City,Trip Completed,2016 02:38:48
2863,Airport,Trip Completed,2016 05:46:42
3528,Airport,Trip Completed,2016 17:50:59
4653,City,Trip Completed,2016 11:58:46
5042,City,Trip Completed,2016 19:21:16
360,Airport,Trip Completed,2016 08:02:00
771,Airport,Trip Completed,2016 16:19:00
1274,City,Trip Completed,2016 22:01:00
1501,City,Trip Completed,2016 05:41:00
1972,City,Trip Completed,2016 12:22:00
2871,City,Trip Completed,2016 05:53:33
3395,City,Trip Completed,2016 14:52:52
3572,City,Trip Completed,2016 18:25:52
4118,Airport,Trip Completed,2016 04:28:35
4739,City,Trip Completed,2016 14:52:43
6556,City,Trip Completed,2016 21:09:57
6677,Airport,Trip Completed,2016 22:29:56
1104,Airport,Trip Completed,2016 20:17:00
1596,Airport,Trip Completed,2016 06:39:00
1835,Airport,Trip Completed,2016 09:35:00
2110,Airport,Trip Completed,2016 16:19:00
2759,Airport,Trip Completed,2016 03:50:03
3010,Airport,Trip Completed,2016 07:26:03
3403,City,Trip Completed,2016 15:16:52
3856,Airport,Trip Completed,2016 21:34:21
4472,City,Trip Completed,2016 08:39:44
5199,City,Trip Completed,2016 20:50:52
5612,City,Trip Completed,2016 06:15:54
6614,Airport,Trip Completed,2016 21:40:39
191,Airport,Trip Completed,2016 05:55:00
333,City,Trip Completed,2016 07:43:00
488,Airport,Trip Completed,2016 09:35:00
1780,City,Trip Completed,2016 08:58:00
2235,Airport,Trip Completed,2016 18:12:00
2516,City,Trip Completed,2016 21:05:00
4209,City,Trip Completed,2016 05:37:01
4726,City,Trip Completed,2016 13:52:52
5088,Airport,Trip Completed,2016 19:52:54
5352,Airport,Trip Completed,2016 23:01:45
6024,Airport,Trip Completed,2016 12:43:09
6196,Airport,Trip Completed,2016 17:19:56
6297,City,Trip Completed,2016 18:21:09
125,City,Trip Completed,2016 05:12:00
1611,City,Trip Completed,2016 06:49:00
1814,City,Trip Completed,2016 09:19:00
3088,City,Trip Completed,2016 08:12:39
3384,Airport,Trip Completed,2016 14:40:53
4218,Airport,Trip Completed,2016 05:38:17
5757,City,Trip Completed,2016 08:12:21
5958,Airport,Trip Completed,2016 10:48:38
6314,City,Trip Completed,2016 18:31:06
249,City,Trip Completed,2016 06:31:00
728,City,Trip Completed,2016 15:05:00
3042,City,Trip Completed,2016 07:38:51
3620,City,Trip Completed,2016 18:54:52
4276,City,Trip Completed,2016 06:22:04
4735,City,Trip Completed,2016 14:43:10
1353,Airport,Trip Completed,2016 23:51:00
1568,City,Trip Completed,2016 06:18:00
2465,City,Trip Completed,2016 20:38:00
3688,City,Trip Completed,2016 19:39:52
4727,City,Trip Completed,2016 14:06:18
5348,City,Trip Completed,2016 22:50:55
6537,Airport,Trip Completed,2016 20:52:18
1941,Airport,Trip Completed,2016 11:29:00
3766,Airport,Trip Completed,2016 20:33:01
4243,Airport,Trip Completed,2016 06:02:47
4717,Airport,Trip Completed,2016 13:42:45
5682,City,Trip Completed,2016 07:16:19
6343,City,Trip Completed,2016 18:44:07
6726,Airport,Trip Completed,2016 23:22:28
238,City,Trip Completed,2016 06:27:00
2624,City,Trip Completed,2016 22:16:00
2787,City,Trip Completed,2016 04:54:46
3992,City,Trip Completed,2016 23:24:52
4974,City,Trip Completed,2016 18:44:58
5478,Airport,Trip Completed,2016 04:43:40
5641,City,Trip Completed,2016 06:46:40
128,City,Trip Completed,2016 05:12:00
627,City,Trip Completed,2016 12:12:00
1766,Airport,Trip Completed,2016 08:45:00
2089,City,Trip Completed,2016 15:49:00
3565,City,Trip Completed,2016 18:13:10
3954,Airport,Trip Completed,2016 22:43:45
4204,City,Trip Completed,2016 05:36:10
4651,City,Trip Completed,2016 11:54:26
5814,City,Trip Completed,2016 08:43:57
6062,City,Trip Completed,2016 13:48:40
118,Airport,Trip Completed,2016 05:11:00
339,Airport,Trip Completed,2016 07:49:00
766,City,Trip Completed,2016 16:23:00
1133,Airport,Trip Completed,2016 20:27:00
2458,City,Trip Completed,2016 20:33:00
3060,Airport,Trip Completed,2016 07:56:53
3653,City,Trip Completed,2016 19:18:27
4321,City,Trip Completed,2016 06:56:17
5672,Airport,Trip Completed,2016 07:07:07
1698,City,Trip Completed,2016 07:56:00
2098,City,Trip Completed,2016 16:12:00
2733,City,Trip Completed,2016 02:37:50
2917,Airport,Trip Completed,2016 06:21:57
3151,Airport,Trip Completed,2016 09:00:37
3358,City,Trip Completed,2016 13:30:22
5435,City,Trip Completed,2016 02:52:10
5717,Airport,Trip Completed,2016 07:41:01
635,Airport,Trip Completed,2016 12:25:00
1275,Airport,Trip Completed,2016 22:05:00
1562,Airport,Trip Completed,2016 06:16:00
2908,Airport,Trip Completed,2016 06:14:46
3414,City,Trip Completed,2016 15:28:23
3638,Airport,Trip Completed,2016 19:09:50
5132,Airport,Trip Completed,2016 20:11:42
5422,City,Trip Completed,2016 02:09:09
5724,City,Trip Completed,2016 07:40:09
6026,Airport,Trip Completed,2016 12:50:41
6416,City,Trip Completed,2016 19:42:15
995,Airport,Trip Completed,2016 19:11:00
1771,City,Trip Completed,2016 08:56:00
2729,Airport,Trip Completed,2016 02:36:56
3416,City,Trip Completed,2016 15:31:59
4286,City,Trip Completed,2016 06:35:07
5012,Airport,Trip Completed,2016 18:59:54
6761,Airport,Trip Completed,2016 00:05:00
5638,City,Trip Completed,2016 06:40:51
6191,Airport,Trip Completed,2016 17:17:50
443,City,Trip Completed,2016 09:05:00
1299,City,Trip Completed,2016 22:22:00
1637,Airport,Trip Completed,2016 07:09:00
2099,Airport,Trip Completed,2016 16:03:00
2349,Airport,Trip Completed,2016 19:22:00
3081,City,Trip Completed,2016 08:10:39
3555,Airport,Trip Completed,2016 18:08:02
3798,City,Trip Completed,2016 20:55:06
3982,Airport,Trip Completed,2016 23:16:52
4082,Airport,Trip Completed,2016 02:37:56
4672,City,Trip Completed,2016 12:36:18
4937,City,Trip Completed,2016 18:22:21
5594,Airport,Trip Completed,2016 06:05:47
540,City,Trip Completed,2016 09:56:00
1533,City,Trip Completed,2016 05:56:00
2359,City,Trip Completed,2016 19:31:00
2603,City,Trip Completed,2016 22:00:00
2965,Airport,Trip Completed,2016 06:56:35
4002,City,Trip Completed,2016 23:39:25
4364,Airport,Trip Completed,2016 07:26:46
4614,Airport,Trip Completed,2016 10:51:16
5235,Airport,Trip Completed,2016 21:08:55
5979,Airport,Trip Completed,2016 11:35:28
6145,Airport,Trip Completed,2016 16:08:41
6363,Airport,Trip Completed,2016 19:07:09
2481,City,Trip Completed,2016 20:40:00
3328,Airport,Trip Completed,2016 12:28:51
3908,Airport,Trip Completed,2016 22:07:15
4416,City,Trip Completed,2016 08:12:46
4966,Airport,Trip Completed,2016 18:35:40
5243,City,Trip Completed,2016 21:12:10
5697,City,Trip Completed,2016 07:32:38
5864,Airport,Trip Completed,2016 09:22:59
6530,Airport,Trip Completed,2016 20:51:59
686,City,Trip Completed,2016 13:44:00
777,Airport,Trip Completed,2016 16:41:00
1455,Airport,Trip Completed,2016 04:56:00
1906,Airport,Trip Completed,2016 10:38:00
2432,Airport,Trip Completed,2016 20:15:00
2977,Airport,Trip Completed,2016 06:52:35
3964,City,Trip Completed,2016 22:53:20
4182,Airport,Trip Completed,2016 05:24:02
4679,City,Trip Completed,2016 12:44:59
4997,City,Trip Completed,2016 18:57:20
5600,City,Trip Completed,2016 06:09:20
5910,Airport,Trip Completed,2016 10:00:43
6597,Airport,Trip Completed,2016 21:35:04
64,City,Trip Completed,2016 04:16:00
687,Airport,Trip Completed,2016 13:41:00
1625,City,Trip Completed,2016 07:01:00
1958,Airport,Trip Completed,2016 11:41:00
2160,Airport,Trip Completed,2016 17:32:00
2517,Airport,Trip Completed,2016 21:04:00
2894,City,Trip Completed,2016 06:01:37
3739,Airport,Trip Completed,2016 20:21:38
4737,City,Trip Completed,2016 14:37:56
5064,Airport,Trip Completed,2016 19:28:03
313,City,Trip Completed,2016 07:26:00
2107,City,Trip Completed,2016 16:18:00
2819,City,Trip Completed,2016 05:12:03
2932,Airport,Trip Completed,2016 06:28:49
3593,City,Trip Completed,2016 18:34:17
4760,City,Trip Completed,2016 15:19:28
6681,Airport,Trip Completed,2016 22:32:05
234,City,Trip Completed,2016 06:27:00
425,Airport,Trip Completed,2016 08:48:00
1528,City,Trip Completed,2016 05:58:00
1671,Airport,Trip Completed,2016 07:41:00
2223,City,Trip Completed,2016 18:07:00
3268,Airport,Trip Completed,2016 10:27:35
3530,Airport,Trip Completed,2016 17:53:27
4765,Airport,Trip Completed,2016 15:36:30
531,City,Trip Completed,2016 10:01:00
1721,City,Trip Completed,2016 08:10:00
2665,Airport,Trip Completed,2016 23:30:00
2951,City,Trip Completed,2016 06:40:10
3786,Airport,Trip Completed,2016 20:47:32
4049,City,Trip Completed,2016 01:03:12
4079,Airport,Trip Completed,2016 02:31:51
4233,Airport,Trip Completed,2016 05:51:41
4884,Airport,Trip Completed,2016 17:53:38
6350,City,Trip Completed,2016 18:57:26
1914,Airport,Trip Completed,2016 10:42:00
3205,City,Trip Completed,2016 09:38:10
3448,City,Trip Completed,2016 16:40:59
4628,City,Trip Completed,2016 11:13:24
5418,City,Trip Completed,2016 02:03:39
5654,City,Trip Completed,2016 06:56:12
614,City,Trip Completed,2016 11:49:00
1340,City,Trip Completed,2016 23:22:00
1576,City,Trip Completed,2016 06:27:00
1974,Airport,Trip Completed,2016 12:19:00
2597,City,Trip Completed,2016 21:52:00
4690,City,Trip Completed,2016 13:04:08
6267,Airport,Trip Completed,2016 18:10:03
660,Airport,Trip Completed,2016 12:55:00
943,Airport,Trip Completed,2016 18:34:00
1445,Airport,Trip Completed,2016 04:45:00
3070,City,Trip Completed,2016 07:53:05
3440,City,Trip Completed,2016 16:26:57
4503,City,Trip Completed,2016 09:05:45
4771,Airport,Trip Completed,2016 15:57:43
4797,City,Trip Completed,2016 16:55:26
4898,Airport,Trip Completed,2016 18:02:53
172,Airport,Trip Completed,2016 05:41:00
518,City,Trip Completed,2016 09:46:00
843,Airport,Trip Completed,2016 17:38:00
1070,City,Trip Completed,2016 19:58:00
2078,Airport,Trip Completed,2016 15:36:00
5382,City,Trip Completed,2016 00:08:01
4119,City,Trip Completed,2016 04:22:12
4623,City,Trip Completed,2016 11:00:10
620,City,Trip Completed,2016 12:04:00
1286,Airport,Trip Completed,2016 22:18:00
2482,City,Trip Completed,2016 20:45:00
3672,Airport,Trip Completed,2016 19:28:50
3959,City,Trip Completed,2016 22:51:04
4659,City,Trip Completed,2016 12:10:38
5060,Airport,Trip Completed,2016 19:26:16
5942,City,Trip Completed,2016 10:29:33
1349,Airport,Trip Completed,2016 23:41:00
2192,Airport,Trip Completed,2016 17:44:00
2323,City,Trip Completed,2016 19:06:00
2717,City,Trip Completed,2016 02:00:13
3338,Airport,Trip Completed,2016 12:36:47
4475,City,Trip Completed,2016 08:44:24
4786,City,Trip Completed,2016 16:40:36
5017,City,Trip Completed,2016 19:09:05
5580,City,Trip Completed,2016 05:51:48
6066,Airport,Trip Completed,2016 13:54:34
418,City,Trip Completed,2016 08:42:00
608,Airport,Trip Completed,2016 11:57:00
1842,City,Trip Completed,2016 09:40:00
4004,City,Trip Completed,2016 23:40:41
5791,City,Trip Completed,2016 08:35:12
6548,Airport,Trip Completed,2016 20:56:32
121,Airport,Trip Completed,2016 05:13:00
571,Airport,Trip Completed,2016 10:44:00
2444,Airport,Trip Completed,2016 20:23:00
2815,City,Trip Completed,2016 05:13:32
3510,Airport,Trip Completed,2016 17:42:32
5013,City,Trip Completed,2016 19:01:56
5457,City,Trip Completed,2016 03:56:41
5940,City,Trip Completed,2016 10:18:26
6197,City,Trip Completed,2016 17:24:24
6660,Airport,Trip Completed,2016 22:15:00
584,Airport,Trip Completed,2016 11:14:00
1741,Airport,Trip Completed,2016 08:32:00
2031,City,Trip Completed,2016 14:17:00
3158,Airport,Trip Completed,2016 09:07:00
3955,Airport,Trip Completed,2016 22:56:09
4384,City,Trip Completed,2016 07:49:20
5224,City,Trip Completed,2016 21:07:44
5394,Airport,Trip Completed,2016 00:47:57
5511,Airport,Trip Completed,2016 05:10:13
744,City,Trip Completed,2016 15:41:00
1634,Airport,Trip Completed,2016 07:13:00
1911,Airport,Trip Completed,2016 10:43:00
2608,Airport,Trip Completed,2016 21:59:00
3456,Airport,Trip Completed,2016 16:59:22
3561,City,Trip Completed,2016 18:14:34
5216,Airport,Trip Completed,2016 20:56:47
5573,City,Trip Completed,2016 05:48:54
5952,Airport,Trip Completed,2016 10:42:35
6093,Airport,Trip Completed,2016 14:34:33
6749,Airport,Trip Completed,2016 23:48:42
250,Airport,Trip Completed,2016 06:29:00
781,City,Trip Completed,2016 16:40:00
1681,Airport,Trip Completed,2016 07:53:00
3924,Airport,Trip Completed,2016 22:21:56
5271,City,Trip Completed,2016 21:33:30
5899,Airport,Trip Completed,2016 09:55:05
6273,City,Trip Completed,2016 18:09:45
630,Airport,Trip Completed,2016 12:16:00
679,City,Trip Completed,2016 13:22:00
782,Airport,Trip Completed,2016 16:46:00
1329,Airport,Trip Completed,2016 23:10:00
1712,Airport,Trip Completed,2016 08:14:00
2033,City,Trip Completed,2016 14:17:00
3094,Airport,Trip Completed,2016 08:21:01
4709,Airport,Trip Completed,2016 13:21:10
4948,Airport,Trip Completed,2016 18:28:34
5597,City,Trip Completed,2016 06:04:49
6747,City,Trip Completed,2016 23:47:37
1480,Airport,Trip Completed,2016 05:15:00
2013,City,Trip Completed,2016 13:35:00
2867,Airport,Trip Completed,2016 05:45:19
3377,Airport,Trip Completed,2016 14:17:32
4108,City,Trip Completed,2016 03:56:10
4368,City,Trip Completed,2016 07:38:59
4787,City,Trip Completed,2016 16:41:13
93,City,Trip Completed,2016 04:53:00
402,Airport,Trip Completed,2016 08:31:00
582,City,Trip Completed,2016 10:56:00
733,City,Trip Completed,2016 15:25:00
951,Airport,Trip Completed,2016 18:38:00
1889,City,Trip Completed,2016 10:14:00
2046,Airport,Trip Completed,2016 14:40:00
2664,Airport,Trip Completed,2016 23:26:00
2936,City,Trip Completed,2016 06:28:33
3740,Airport,Trip Completed,2016 20:22:06
4482,Airport,Trip Completed,2016 08:53:30
4718,City,Trip Completed,2016 13:41:23
4908,Airport,Trip Completed,2016 18:05:13
6278,Airport,Trip Completed,2016 18:13:31
514,City,Trip Completed,2016 09:45:00
703,City,Trip Completed,2016 14:11:00
947,City,Trip Completed,2016 18:37:00
2252,City,Trip Completed,2016 18:26:00
2896,City,Trip Completed,2016 05:59:51
3583,Airport,Trip Completed,2016 18:31:39
4263,Airport,Trip Completed,2016 06:10:32
4398,City,Trip Completed,2016 08:03:25
5029,City,Trip Completed,2016 19:16:39
5554,Airport,Trip Completed,2016 05:37:40
5746,City,Trip Completed,2016 07:52:17
5986,Airport,Trip Completed,2016 11:35:04
6140,Airport,Trip Completed,2016 15:54:52
6554,City,Trip Completed,2016 20:58:09
467,City,Trip Completed,2016 09:20:00
615,City,Trip Completed,2016 11:54:00
801,Airport,Trip Completed,2016 17:11:00
1587,Airport,Trip Completed,2016 06:31:00
1925,City,Trip Completed,2016 11:06:00
2527,City,Trip Completed,2016 21:11:00
3065,Airport,Trip Completed,2016 07:55:48
5031,Airport,Trip Completed,2016 19:12:52
160,Airport,Trip Completed,2016 05:38:00
2029,City,Trip Completed,2016 14:16:00
2543,City,Trip Completed,2016 21:16:00
2941,Airport,Trip Completed,2016 06:28:03
4766,City,Trip Completed,2016 15:40:51
5349,Airport,Trip Completed,2016 22:55:36
5409,Airport,Trip Completed,2016 01:36:28
6698,Airport,Trip Completed,2016 22:47:43
81,Airport,Trip Completed,2016 04:47:00
370,City,Trip Completed,2016 08:06:00
799,Airport,Trip Completed,2016 17:07:00
1300,City,Trip Completed,2016 22:31:00
1805,Airport,Trip Completed,2016 09:11:00
2410,City,Trip Completed,2016 20:05:00
2723,Airport,Trip Completed,2016 02:18:57
3240,City,Trip Completed,2016 10:06:24
3424,City,Trip Completed,2016 15:48:23
4188,City,Trip Completed,2016 05:29:47
5617,City,Trip Completed,2016 06:25:50
5932,Airport,Trip Completed,2016 10:09:21
6699,City,Trip Completed,2016 22:47:07
285,City,Trip Completed,2016 07:02:00
754,City,Trip Completed,2016 16:06:00
1449,Airport,Trip Completed,2016 04:53:00
2764,Airport,Trip Completed,2016 03:58:16
2859,City,Trip Completed,2016 05:39:10
3036,Airport,Trip Completed,2016 07:36:39
3934,Airport,Trip Completed,2016 22:20:43
4486,City,Trip Completed,2016 09:00:12
4996,City,Trip Completed,2016 18:52:05
5133,Airport,Trip Completed,2016 20:11:45
5887,City,Trip Completed,2016 09:39:16
6402,Airport,Trip Completed,2016 19:29:36
462,City,Trip Completed,2016 09:14:00
817,City,Trip Completed,2016 17:32:00
1790,Airport,Trip Completed,2016 09:06:00
2014,City,Trip Completed,2016 13:36:00
2165,City,Trip Completed,2016 17:31:00
2627,City,Trip Completed,2016 22:08:00
2968,City,Trip Completed,2016 06:54:38
3282,Airport,Trip Completed,2016 10:47:18
3544,City,Trip Completed,2016 17:54:21
5552,Airport,Trip Completed,2016 05:33:21
6657,Airport,Trip Completed,2016 22:11:53
88,Airport,Trip Completed,2016 04:54:00
201,City,Trip Completed,2016 06:09:00
847,Airport,Trip Completed,2016 17:49:00
1585,Airport,Trip Completed,2016 06:30:00
2116,City,Trip Completed,2016 16:33:00
2800,Airport,Trip Completed,2016 04:58:26
3066,City,Trip Completed,2016 07:57:03
3640,City,Trip Completed,2016 19:05:17
4162,City,Trip Completed,2016 05:06:45
4892,Airport,Trip Completed,2016 17:59:40
5038,City,Trip Completed,2016 19:20:13
6417,City,Trip Completed,2016 19:44:20
376,City,Trip Completed,2016 08:11:00
899,City,Trip Completed,2016 18:09:00
1112,Airport,Trip Completed,2016 20:15:00
1444,City,Trip Completed,2016 04:43:00
1993,City,Trip Completed,2016 12:50:00
2417,City,Trip Completed,2016 19:59:00
3318,City,Trip Completed,2016 12:25:28
3529,Airport,Trip Completed,2016 17:53:17
4322,Airport,Trip Completed,2016 07:04:32
5861,Airport,Trip Completed,2016 09:11:35
6519,City,Trip Completed,2016 20:44:17
34,City,Trip Completed,2016 02:20:00
637,Airport,Trip Completed,2016 12:24:00
1005,City,Trip Completed,2016 19:07:00
1293,City,Trip Completed,2016 22:28:00
1664,Airport,Trip Completed,2016 07:35:00
1915,City,Trip Completed,2016 10:45:00
3262,Airport,Trip Completed,2016 10:21:02
3546,City,Trip Completed,2016 18:02:46
3977,Airport,Trip Completed,2016 23:13:11
4300,City,Trip Completed,2016 06:46:29
4680,City,Trip Completed,2016 12:48:45
4812,City,Trip Completed,2016 17:17:14
5972,Airport,Trip Completed,2016 11:06:13
645,City,Trip Completed,2016 12:39:00
732,Airport,Trip Completed,2016 15:18:00
1215,Airport,Trip Completed,2016 21:33:00
1450,Airport,Trip Completed,2016 04:46:00
2044,Airport,Trip Completed,2016 14:39:00
2420,Airport,Trip Completed,2016 20:07:00
3944,City,Trip Completed,2016 22:33:08
4369,City,Trip Completed,2016 07:37:30
5070,Airport,Trip Completed,2016 19:33:31
5822,Airport,Trip Completed,2016 08:53:59
6723,City,Trip Completed,2016 23:19:28
3,Airport,Trip Completed,2016 00:24:00
70,City,Trip Completed,2016 04:34:00
256,Airport,Trip Completed,2016 06:44:00
702,Airport,Trip Completed,2016 14:07:00
769,Airport,Trip Completed,2016 16:21:00
1277,City,Trip Completed,2016 22:04:00
2062,Airport,Trip Completed,2016 15:00:00
2399,Airport,Trip Completed,2016 19:51:00
2645,Airport,Trip Completed,2016 22:46:00
3468,City,Trip Completed,2016 17:08:17
3826,Airport,Trip Completed,2016 21:16:30
5384,Airport,Trip Completed,2016 00:03:40
6460,City,Trip Completed,2016 20:09:35
269,City,Trip Completed,2016 06:44:00
336,Airport,Trip Completed,2016 07:50:00
1241,Airport,Trip Completed,2016 21:38:00
1651,Airport,Trip Completed,2016 07:21:00
1963,City,Trip Completed,2016 11:58:00
2368,City,Trip Completed,2016 19:32:00
3004,Airport,Trip Completed,2016 07:17:33
3310,City,Trip Completed,2016 11:55:29
3391,City,Trip Completed,2016 14:34:59
4194,Airport,Trip Completed,2016 05:27:03
5728,City,Trip Completed,2016 07:42:06
6091,City,Trip Completed,2016 14:37:20
6748,Airport,Trip Completed,2016 23:45:24
286,City,Trip Completed,2016 06:58:00
547,Airport,Trip Completed,2016 10:01:00
574,City,Trip Completed,2016 10:58:00
936,Airport,Trip Completed,2016 18:28:00
1514,Airport,Trip Completed,2016 05:41:00
1656,City,Trip Completed,2016 07:26:00
2405,Airport,Trip Completed,2016 20:01:00
3372,Airport,Trip Completed,2016 14:03:18
4215,Airport,Trip Completed,2016 05:40:49
6486,City,Trip Completed,2016 20:26:16
520,City,Trip Completed,2016 09:47:00
1285,City,Trip Completed,2016 22:13:00
3394,City,Trip Completed,2016 14:51:48
3520,City,Trip Completed,2016 17:43:14
4998,City,Trip Completed,2016 18:52:48
5377,City,Trip Completed,2016 23:42:02
5759,City,Trip Completed,2016 08:16:35
422,City,Trip Completed,2016 08:42:00
578,Airport,Trip Completed,2016 11:03:00
3035,City,Trip Completed,2016 07:31:14
3728,Airport,Trip Completed,2016 20:03:07
4097,City,Trip Completed,2016 03:15:23
5184,City,Trip Completed,2016 20:42:24
5404,City,Trip Completed,2016 01:12:58
5525,Airport,Trip Completed,2016 05:18:23
6392,Airport,Trip Completed,2016 19:24:23
603,Airport,Trip Completed,2016 11:43:00
1956,City,Trip Completed,2016 11:45:00
2914,Airport,Trip Completed,2016 06:16:45
3434,Airport,Trip Completed,2016 16:07:30
3454,City,Trip Completed,2016 16:57:25
3809,City,Trip Completed,2016 20:58:30
3947,Airport,Trip Completed,2016 22:39:30
4319,Airport,Trip Completed,2016 06:54:47
4716,City,Trip Completed,2016 13:36:45
5790,Airport,Trip Completed,2016 08:31:42
6205,Airport,Trip Completed,2016 17:26:43
6727,Airport,Trip Completed,2016 23:25:29
51,City,Trip Completed,2016 03:34:00
446,City,Trip Completed,2016 09:07:00
1252,City,Trip Completed,2016 21:51:00
1380,Airport,Trip Completed,2016 01:01:00
1638,City,Trip Completed,2016 07:15:00
2152,Airport,Trip Completed,2016 17:25:00
3125,City,Trip Completed,2016 08:45:44
3366,City,Trip Completed,2016 13:45:51
4632,Airport,Trip Completed,2016 11:21:39
5924,City,Trip Completed,2016 10:09:09
6133,Airport,Trip Completed,2016 15:43:08
6316,Airport,Trip Completed,2016 18:35:07
6609,City,Trip Completed,2016 21:44:29
246,Airport,Trip Completed,2016 06:35:00
980,Airport,Trip Completed,2016 19:00:00
1677,City,Trip Completed,2016 07:38:00
4620,City,Trip Completed,2016 10:59:15
4848,Airport,Trip Completed,2016 17:33:47
5402,Airport,Trip Completed,2016 01:06:24
5971,Airport,Trip Completed,2016 11:04:56
6113,City,Trip Completed,2016 15:15:03
6508,City,Trip Completed,2016 20:40:24
746,Airport,Trip Completed,2016 15:47:00
1488,Airport,Trip Completed,2016 05:31:00
1838,City,Trip Completed,2016 09:40:00
2839,Airport,Trip Completed,2016 05:20:59
4391,City,Trip Completed,2016 07:52:04
4701,City,Trip Completed,2016 13:09:42
5171,Airport,Trip Completed,2016 20:29:51
5962,City,Trip Completed,2016 10:48:38
6118,City,Trip Completed,2016 15:17:12
6450,City,Trip Completed,2016 20:01:09
257,Airport,Trip Completed,2016 06:38:00
708,Airport,Trip Completed,2016 14:16:00
891,Airport,Trip Completed,2016 18:10:00
1748,City,Trip Completed,2016 08:33:00
2625,City,Trip Completed,2016 22:09:00
3989,City,Trip Completed,2016 23:21:15
5285,Airport,Trip Completed,2016 21:42:42
6461,City,Trip Completed,2016 20:12:18
1563,Airport,Trip Completed,2016 06:16:00
2207,Airport,Trip Completed,2016 17:56:00
2879,City,Trip Completed,2016 05:59:51
3644,Airport,Trip Completed,2016 19:08:59
3996,Airport,Trip Completed,2016 23:36:34
4355,City,Trip Completed,2016 07:19:07
4758,City,Trip Completed,2016 15:26:32
6001,Airport,Trip Completed,2016 12:07:54
1181,Airport,Trip Completed,2016 21:04:00
1297,City,Trip Completed,2016 22:22:00
1429,City,Trip Completed,2016 04:41:00
2104,City,Trip Completed,2016 16:07:00
2736,City,Trip Completed,2016 02:43:10
3615,City,Trip Completed,2016 18:56:23
4719,Airport,Trip Completed,2016 13:43:28
4748,City,Trip Completed,2016 15:03:23
870,City,Trip Completed,2016 17:57:00
2124,Airport,Trip Completed,2016 16:53:00
2457,Airport,Trip Completed,2016 20:31:00
2621,City,Trip Completed,2016 22:05:00
3168,City,Trip Completed,2016 09:12:04
3285,Airport,Trip Completed,2016 10:59:12
3315,City,Trip Completed,2016 12:09:28
5585,City,Trip Completed,2016 05:58:43
6235,City,Trip Completed,2016 17:47:05
913,Airport,Trip Completed,2016 18:18:00
1852,City,Trip Completed,2016 09:43:00
3117,Airport,Trip Completed,2016 08:34:53
3392,Airport,Trip Completed,2016 14:46:13
4722,City,Trip Completed,2016 13:50:32
692,Airport,Trip Completed,2016 13:49:00
1351,Airport,Trip Completed,2016 23:44:00
1800,City,Trip Completed,2016 09:09:00
2434,City,Trip Completed,2016 20:16:00
3212,City,Trip Completed,2016 09:48:28
3340,City,Trip Completed,2016 12:45:18
3598,Airport,Trip Completed,2016 18:38:49
53,Airport,Trip Completed,2016 03:30:00
3558,Airport,Trip Completed,2016 18:14:56
4257,City,Trip Completed,2016 06:10:44
4869,City,Trip Completed,2016 17:49:44
5548,City,Trip Completed,2016 05:24:22
5630,Airport,Trip Completed,2016 06:32:35
6645,City,Trip Completed,2016 22:10:21
156,Airport,Trip Completed,2016 05:35:00
350,City,Trip Completed,2016 07:53:00
976,Airport,Trip Completed,2016 18:54:00
1344,City,Trip Completed,2016 23:35:00
1524,City,Trip Completed,2016 05:50:00
2143,Airport,Trip Completed,2016 17:15:00
2353,City,Trip Completed,2016 19:31:00
3028,Airport,Trip Completed,2016 07:28:45
3913,Airport,Trip Completed,2016 22:14:24
4274,City,Trip Completed,2016 06:18:59
4673,City,Trip Completed,2016 12:35:29
6198,Airport,Trip Completed,2016 17:23:01
569,Airport,Trip Completed,2016 10:37:00
1626,Airport,Trip Completed,2016 06:58:00
3505,City,Trip Completed,2016 17:37:40
3758,City,Trip Completed,2016 20:37:56
4649,City,Trip Completed,2016 11:50:27
4745,Airport,Trip Completed,2016 15:06:01
5354,Airport,Trip Completed,2016 23:07:32
5953,City,Trip Completed,2016 10:42:09
6577,City,Trip Completed,2016 21:19:03
1565,Airport,Trip Completed,2016 06:21:00
1973,Airport,Trip Completed,2016 12:17:00
2363,Airport,Trip Completed,2016 19:31:00
2994,City,Trip Completed,2016 07:15:27
3201,Airport,Trip Completed,2016 09:33:26
3511,City,Trip Completed,2016 17:38:17
3956,Airport,Trip Completed,2016 22:47:55
4359,City,Trip Completed,2016 07:27:05
4798,City,Trip Completed,2016 16:52:26
5955,Airport,Trip Completed,2016 10:45:56
6117,Airport,Trip Completed,2016 15:17:13
6252,City,Trip Completed,2016 18:00:40
101,Airport,Trip Completed,2016 05:08:00
351,City,Trip Completed,2016 07:53:00
871,City,Trip Completed,2016 17:57:00
1330,Airport,Trip Completed,2016 23:11:00
3227,Airport,Trip Completed,2016 09:52:49
4921,City,Trip Completed,2016 18:14:26
5373,City,Trip Completed,2016 23:42:23
6612,Airport,Trip Completed,2016 21:49:41
50,City,Trip Completed,2016 03:22:00
102,Airport,Trip Completed,2016 05:01:00
211,City,Trip Completed,2016 06:08:00
510,City,Trip Completed,2016 09:40:00
1548,Airport,Trip Completed,2016 06:10:00
2208,City,Trip Completed,2016 17:59:00
4030,City,Trip Completed,2016 00:13:43
4370,City,Trip Completed,2016 07:36:53
5834,Airport,Trip Completed,2016 08:54:03
639,City,Trip Completed,2016 12:28:00
1451,Airport,Trip Completed,2016 04:53:00
2335,City,Trip Completed,2016 19:15:00
2572,Airport,Trip Completed,2016 21:35:00
3326,Airport,Trip Completed,2016 12:29:20
3916,City,Trip Completed,2016 22:08:13
4514,City,Trip Completed,2016 09:16:24
6604,City,Trip Completed,2016 21:42:04
373,Airport,Trip Completed,2016 08:09:00
1338,Airport,Trip Completed,2016 23:23:00
1830,City,Trip Completed,2016 09:33:00
2274,City,Trip Completed,2016 18:33:00
3224,Airport,Trip Completed,2016 09:52:22
5321,City,Trip Completed,2016 22:09:50
5520,City,Trip Completed,2016 05:17:46
5842,City,Trip Completed,2016 09:04:30
6429,Airport,Trip Completed,2016 19:49:10
6704,Airport,Trip Completed,2016 22:58:01
2057,Airport,Trip Completed,2016 15:02:00
3723,Airport,Trip Completed,2016 20:03:45
4492,City,Trip Completed,2016 09:01:49
5153,Airport,Trip Completed,2016 20:29:19
6531,City,Trip Completed,2016 20:49:25
521,City,Trip Completed,2016 09:48:00
1850,City,Trip Completed,2016 09:45:00
2851,Airport,Trip Completed,2016 05:31:53
5380,Airport,Trip Completed,2016 23:50:28
5917,Airport,Trip Completed,2016 10:04:16
148,Airport,Trip Completed,2016 05:36:00
1113,City,Trip Completed,2016 20:18:00
1758,Airport,Trip Completed,2016 08:44:00
2395,Airport,Trip Completed,2016 19:55:00
2708,Airport,Trip Completed,2016 01:22:32
2995,City,Trip Completed,2016 07:07:32
3993,City,Trip Completed,2016 23:31:47
4724,City,Trip Completed,2016 13:52:36
5144,Airport,Trip Completed,2016 20:21:02
5572,City,Trip Completed,2016 05:46:37
5740,Airport,Trip Completed,2016 07:50:35
5938,City,Trip Completed,2016 10:16:24
6299,City,Trip Completed,2016 18:25:54
6695,Airport,Trip Completed,2016 22:45:03
507,Airport,Trip Completed,2016 09:40:00
1135,Airport,Trip Completed,2016 20:37:00
1479,City,Trip Completed,2016 05:16:00
3275,City,Trip Completed,2016 10:39:32
4078,City,Trip Completed,2016 02:10:33
4176,Airport,Trip Completed,2016 05:18:01
4776,City,Trip Completed,2016 16:16:30
4899,Airport,Trip Completed,2016 18:02:51
35,City,Trip Completed,2016 02:36:00
161,Airport,Trip Completed,2016 05:36:00
831,Airport,Trip Completed,2016 17:30:00
1080,Airport,Trip Completed,2016 19:59:00
2496,City,Trip Completed,2016 20:53:00
3141,City,Trip Completed,2016 08:58:47
3297,City,Trip Completed,2016 11:37:32
3602,Airport,Trip Completed,2016 18:40:02
4150,City,Trip Completed,2016 04:51:03
4361,City,Trip Completed,2016 07:29:29
4642,City,Trip Completed,2016 11:44:26
4752,City,Trip Completed,2016 15:19:35
4849,City,Trip Completed,2016 17:39:27
6199,City,Trip Completed,2016 17:25:23
241,City,Trip Completed,2016 06:31:00
1339,Airport,Trip Completed,2016 23:25:00
1454,City,Trip Completed,2016 04:54:00
4342,City,Trip Completed,2016 07:17:09
6766,City,Trip Completed,2016 00:06:56
6213,City,Trip Completed,2016 17:30:09
41,City,Trip Completed,2016 02:47:00
279,Airport,Trip Completed,2016 06:58:00
952,City,Trip Completed,2016 18:39:00
1200,Airport,Trip Completed,2016 21:13:00
1775,City,Trip Completed,2016 08:57:00
1953,Airport,Trip Completed,2016 11:38:00
3270,City,Trip Completed,2016 10:28:01
3497,Airport,Trip Completed,2016 17:32:20
3897,Airport,Trip Completed,2016 22:00:50
4601,City,Trip Completed,2016 10:13:30
4621,Airport,Trip Completed,2016 11:02:21
5061,City,Trip Completed,2016 19:29:16
5359,City,Trip Completed,2016 23:21:57
6179,Airport,Trip Completed,2016 16:53:17
469,Airport,Trip Completed,2016 09:24:00
914,City,Trip Completed,2016 18:17:00
1386,Airport,Trip Completed,2016 01:30:00
1935,City,Trip Completed,2016 11:16:00
3243,Airport,Trip Completed,2016 10:03:58
3449,City,Trip Completed,2016 16:52:29
4500,City,Trip Completed,2016 09:04:43
5328,Airport,Trip Completed,2016 22:10:37
5576,City,Trip Completed,2016 05:53:20
6112,Airport,Trip Completed,2016 15:06:46
6438,Airport,Trip Completed,2016 19:54:08
707,Airport,Trip Completed,2016 14:17:00
1136,Airport,Trip Completed,2016 20:32:00
2961,Airport,Trip Completed,2016 06:48:57
3428,City,Trip Completed,2016 15:55:17
4045,Airport,Trip Completed,2016 00:56:22
5399,City,Trip Completed,2016 00:58:19
5730,City,Trip Completed,2016 07:50:12
180,Airport,Trip Completed,2016 05:48:00
1694,City,Trip Completed,2016 07:54:00
2294,City,Trip Completed,2016 18:47:00
3630,City,Trip Completed,2016 18:59:56
3978,City,Trip Completed,2016 23:18:14
4426,City,Trip Completed,2016 08:21:49
5115,Airport,Trip Completed,2016 20:03:46
5558,Airport,Trip Completed,2016 05:32:12
5827,Airport,Trip Completed,2016 08:52:58
6063,Airport,Trip Completed,2016 13:48:53
6691,Airport,Trip Completed,2016 22:47:31
170,City,Trip Completed,2016 05:45:00
1326,Airport,Trip Completed,2016 23:06:00
1476,City,Trip Completed,2016 05:16:00
2937,Airport,Trip Completed,2016 06:27:11
3973,City,Trip Completed,2016 22:58:36
4644,City,Trip Completed,2016 11:47:32
5086,Airport,Trip Completed,2016 19:41:45
6572,Airport,Trip Completed,2016 21:11:01
6755,Airport,Trip Completed,2016 23:57:32
1483,City,Trip Completed,2016 05:22:00
1844,City,Trip Completed,2016 09:40:00
2120,Airport,Trip Completed,2016 16:44:00
2411,City,Trip Completed,2016 20:04:00
2903,Airport,Trip Completed,2016 06:00:19
3289,City,Trip Completed,2016 11:06:44
3859,Airport,Trip Completed,2016 21:38:18
4313,City,Trip Completed,2016 06:49:43
5325,City,Trip Completed,2016 22:11:41
5906,City,Trip Completed,2016 09:56:43
6049,City,Trip Completed,2016 13:27:33
664,Airport,Trip Completed,2016 12:58:00
750,City,Trip Completed,2016 15:52:00
1950,City,Trip Completed,2016 11:33:00
2989,Airport,Trip Completed,2016 07:08:16
3266,Airport,Trip Completed,2016 10:27:47
4358,Airport,Trip Completed,2016 07:25:12
4720,Airport,Trip Completed,2016 13:48:48
5019,City,Trip Completed,2016 19:07:33
5925,City,Trip Completed,2016 10:08:04
112,Airport,Trip Completed,2016 05:01:00
213,City,Trip Completed,2016 06:15:00
1818,Airport,Trip Completed,2016 09:29:00
2018,Airport,Trip Completed,2016 13:39:00
3231,Airport,Trip Completed,2016 09:57:52
3378,Airport,Trip Completed,2016 14:19:59
3896,City,Trip Completed,2016 21:55:01
4828,City,Trip Completed,2016 17:26:14
5944,City,Trip Completed,2016 10:23:18
6245,Airport,Trip Completed,2016 17:58:28
3957,City,Trip Completed,2016 22:42:16
4066,Airport,Trip Completed,2016 01:56:01
4691,City,Trip Completed,2016 13:01:57
6153,Airport,Trip Completed,2016 16:23:13
260,City,Trip Completed,2016 06:45:00
1077,Airport,Trip Completed,2016 19:55:00
1316,City,Trip Completed,2016 22:54:00
1754,City,Trip Completed,2016 08:42:00
2086,City,Trip Completed,2016 15:44:00
3044,Airport,Trip Completed,2016 07:38:41
3295,City,Trip Completed,2016 11:32:01
3347,Airport,Trip Completed,2016 12:58:15
3801,Airport,Trip Completed,2016 20:59:37
4249,City,Trip Completed,2016 06:03:18
5096,Airport,Trip Completed,2016 19:52:09
5892,City,Trip Completed,2016 09:48:14
6281,Airport,Trip Completed,2016 18:16:59
6497,City,Trip Completed,2016 20:29:43
13,City,Trip Completed,2016 01:08:00
1907,City,Trip Completed,2016 10:36:00
3074,City,Trip Completed,2016 08:03:34
3441,City,Trip Completed,2016 16:27:50
3651,City,Trip Completed,2016 19:13:47
4093,City,Trip Completed,2016 03:06:29
4339,City,Trip Completed,2016 07:13:49
4753,City,Trip Completed,2016 15:18:12
5933,City,Trip Completed,2016 10:12:18
1184,City,Trip Completed,2016 21:01:00
1402,Airport,Trip Completed,2016 02:48:00
1597,City,Trip Completed,2016 06:40:00
2702,City,Trip Completed,2016 01:12:24
2996,City,Trip Completed,2016 07:13:58
4857,Airport,Trip Completed,2016 17:34:19
6661,City,Trip Completed,2016 22:20:23
134,Airport,Trip Completed,2016 05:13:00
598,City,Trip Completed,2016 11:36:00
726,Airport,Trip Completed,2016 15:00:00
832,Airport,Trip Completed,2016 17:38:00
2065,City,Trip Completed,2016 15:06:00
2701,Airport,Trip Completed,2016 01:04:42
3429,City,Trip Completed,2016 15:59:29
3645,City,Trip Completed,2016 19:07:39
4958,City,Trip Completed,2016 18:36:12
5474,City,Trip Completed,2016 04:45:24
6088,City,Trip Completed,2016 14:29:35
6714,Airport,Trip Completed,2016 23:12:34
1024,Airport,Trip Completed,2016 19:20:00
1452,City,Trip Completed,2016 04:52:00
2507,City,Trip Completed,2016 21:05:00
3052,Airport,Trip Completed,2016 07:43:26
4702,Airport,Trip Completed,2016 13:13:14
4830,Airport,Trip Completed,2016 17:23:33
5920,Airport,Trip Completed,2016 10:06:21
533,Airport,Trip Completed,2016 09:55:00
1368,City,Trip Completed,2016 00:07:00
2499,Airport,Trip Completed,2016 20:55:00
2962,City,Trip Completed,2016 06:47:53
3617,Airport,Trip Completed,2016 18:55:13
5370,City,Trip Completed,2016 23:43:29
47,City,Trip Completed,2016 03:22:00
270,City,Trip Completed,2016 06:54:00
1007,City,Trip Completed,2016 19:14:00
2372,City,Trip Completed,2016 19:35:00
3584,Airport,Trip Completed,2016 18:29:45
4645,Airport,Trip Completed,2016 11:45:40
5219,City,Trip Completed,2016 21:00:35
5559,Airport,Trip Completed,2016 05:39:41
631,Airport,Trip Completed,2016 12:19:00
775,City,Trip Completed,2016 16:29:00
1006,Airport,Trip Completed,2016 19:08:00
1995,City,Trip Completed,2016 12:51:00
2248,City,Trip Completed,2016 18:23:00
2540,Airport,Trip Completed,2016 21:15:00
3037,Airport,Trip Completed,2016 07:33:22
3419,Airport,Trip Completed,2016 15:42:30
3987,City,Trip Completed,2016 23:18:16
4458,City,Trip Completed,2016 08:38:20
4987,Airport,Trip Completed,2016 18:46:09
5868,City,Trip Completed,2016 09:16:06
6413,Airport,Trip Completed,2016 19:40:26
6533,City,Trip Completed,2016 20:52:48
90,Airport,Trip Completed,2016 04:53:00
532,City,Trip Completed,2016 09:53:00
1110,City,Trip Completed,2016 20:17:00
1759,Airport,Trip Completed,2016 08:46:00
2147,City,Trip Completed,2016 17:21:00
3254,Airport,Trip Completed,2016 10:11:48
3381,Airport,Trip Completed,2016 14:25:14
3656,City,Trip Completed,2016 19:11:20
3948,Airport,Trip Completed,2016 22:37:48
4520,City,Trip Completed,2016 09:23:37
4723,Airport,Trip Completed,2016 13:50:06
5176,City,Trip Completed,2016 20:37:58
6338,City,Trip Completed,2016 18:46:41
6557,Airport,Trip Completed,2016 21:00:35
504,City,Trip Completed,2016 09:40:00
640,Airport,Trip Completed,2016 12:27:00
1206,City,Trip Completed,2016 21:24:00
1851,Airport,Trip Completed,2016 09:48:00
2412,Airport,Trip Completed,2016 19:59:00
3300,Airport,Trip Completed,2016 11:42:51
3648,City,Trip Completed,2016 19:13:25
6020,City,Trip Completed,2016 12:46:16
6682,City,Trip Completed,2016 22:35:23
878,City,Trip Completed,2016 18:09:00
1014,Airport,Trip Completed,2016 19:14:00
1628,Airport,Trip Completed,2016 07:05:00
2416,City,Trip Completed,2016 20:06:00
2974,Airport,Trip Completed,2016 06:46:54
3273,Airport,Trip Completed,2016 10:38:37
4210,City,Trip Completed,2016 05:38:07
4454,City,Trip Completed,2016 08:32:04
4732,Airport,Trip Completed,2016 14:13:45
5024,City,Trip Completed,2016 19:09:39
5799,Airport,Trip Completed,2016 08:41:47
6676,Airport,Trip Completed,2016 22:25:17
343,City,Trip Completed,2016 07:57:00
1002,Airport,Trip Completed,2016 19:14:00
1571,Airport,Trip Completed,2016 06:28:00
1954,Airport,Trip Completed,2016 11:43:00
3436,Airport,Trip Completed,2016 16:11:34
5193,Airport,Trip Completed,2016 20:45:13
5555,City,Trip Completed,2016 05:44:27
5674,Airport,Trip Completed,2016 07:06:23
6596,City,Trip Completed,2016 21:33:21
123,City,Trip Completed,2016 05:12:00
479,Airport,Trip Completed,2016 09:27:00
657,City,Trip Completed,2016 12:55:00
975,Airport,Trip Completed,2016 18:54:00
1307,Airport,Trip Completed,2016 22:42:00
1672,City,Trip Completed,2016 07:37:00
1942,Airport,Trip Completed,2016 11:26:00
3382,City,Trip Completed,2016 14:24:58
4284,Airport,Trip Completed,2016 06:33:45
6734,Airport,Trip Completed,2016 23:37:11
281,City,Trip Completed,2016 07:01:00
1902,City,Trip Completed,2016 10:34:00
2691,Airport,Trip Completed,2016 00:44:02
4430,City,Trip Completed,2016 08:21:08
4779,City,Trip Completed,2016 16:31:49
5097,City,Trip Completed,2016 19:52:18
405,City,Trip Completed,2016 08:29:00
585,City,Trip Completed,2016 11:16:00
729,Airport,Trip Completed,2016 15:14:00
1046,Airport,Trip Completed,2016 19:31:00
1663,Airport,Trip Completed,2016 07:33:00
4027,City,Trip Completed,2016 00:07:58
2876,City,Trip Completed,2016 05:49:57
3767,Airport,Trip Completed,2016 20:35:07
5948,City,Trip Completed,2016 10:36:47
6027,Airport,Trip Completed,2016 12:46:48
701,City,Trip Completed,2016 14:01:00
1529,City,Trip Completed,2016 05:56:00
2060,Airport,Trip Completed,2016 15:04:00
2262,City,Trip Completed,2016 18:30:00
4425,City,Trip Completed,2016 08:24:55
4710,City,Trip Completed,2016 13:26:42
5732,Airport,Trip Completed,2016 07:47:52
142,City,Trip Completed,2016 05:25:00
430,City,Trip Completed,2016 08:49:00
612,Airport,Trip Completed,2016 11:47:00
927,Airport,Trip Completed,2016 18:22:00
1010,City,Trip Completed,2016 19:14:00
1845,Airport,Trip Completed,2016 09:41:00
2234,Airport,Trip Completed,2016 18:19:00
2633,Airport,Trip Completed,2016 22:18:00
4012,Airport,Trip Completed,2016 23:54:19
5039,City,Trip Completed,2016 19:20:34
6760,Airport,Trip Completed,2016 00:03:52
5681,City,Trip Completed,2016 07:17:21
6253,Airport,Trip Completed,2016 18:01:55
6558,Airport,Trip Completed,2016 21:05:27
565,City,Trip Completed,2016 10:19:00
599,Airport,Trip Completed,2016 11:38:00
1772,Airport,Trip Completed,2016 08:54:00
3357,Airport,Trip Completed,2016 13:27:44
4408,City,Trip Completed,2016 08:02:46
1363,Airport,Trip Completed,2016 00:00:00
625,Airport,Trip Completed,2016 12:05:00
1636,Airport,Trip Completed,2016 07:17:00
2253,Airport,Trip Completed,2016 18:22:00
3471,Airport,Trip Completed,2016 17:13:14
4402,City,Trip Completed,2016 08:04:44
458,Airport,Trip Completed,2016 09:12:00
681,City,Trip Completed,2016 13:32:00
1084,Airport,Trip Completed,2016 19:59:00
1896,Airport,Trip Completed,2016 10:23:00
3132,Airport,Trip Completed,2016 08:43:36
3940,City,Trip Completed,2016 22:23:42
4943,Airport,Trip Completed,2016 18:27:08
5537,Airport,Trip Completed,2016 05:28:13
6310,City,Trip Completed,2016 18:25:32
6587,Airport,Trip Completed,2016 21:24:21
6756,City,Trip Completed,2016 23:57:25
97,City,Trip Completed,2016 05:01:00
1266,Airport,Trip Completed,2016 22:00:00
2118,Airport,Trip Completed,2016 16:41:00
2906,Airport,Trip Completed,2016 06:09:40
3432,Airport,Trip Completed,2016 16:07:50
5921,City,Trip Completed,2016 10:04:07
6192,Airport,Trip Completed,2016 17:12:21
6705,Airport,Trip Completed,2016 22:57:10
242,Airport,Trip Completed,2016 06:31:00
1359,City,Trip Completed,2016 23:51:00
1865,Airport,Trip Completed,2016 09:50:00
2024,Airport,Trip Completed,2016 13:55:00
2768,Airport,Trip Completed,2016 04:17:53
3067,City,Trip Completed,2016 07:59:39
3316,Airport,Trip Completed,2016 12:02:32
4084,Airport,Trip Completed,2016 02:44:19
4858,City,Trip Completed,2016 17:33:22
5566,Airport,Trip Completed,2016 05:43:35
6384,Airport,Trip Completed,2016 19:21:28
2001,Airport,Trip Completed,2016 13:01:00
3483,City,Trip Completed,2016 17:23:24
3990,Airport,Trip Completed,2016 23:20:17
4531,City,Trip Completed,2016 09:29:03
5518,City,Trip Completed,2016 05:15:31
5869,City,Trip Completed,2016 09:22:44
60,City,Trip Completed,2016 03:57:00
282,City,Trip Completed,2016 06:56:00
1614,Airport,Trip Completed,2016 06:55:00
2331,Airport,Trip Completed,2016 19:13:00
2825,Airport,Trip Completed,2016 05:14:11
3411,Airport,Trip Completed,2016 15:28:43
4143,Airport,Trip Completed,2016 04:51:04
4637,City,Trip Completed,2016 11:29:06
4729,Airport,Trip Completed,2016 14:04:28
5318,Airport,Trip Completed,2016 22:08:44
6619,City,Trip Completed,2016 21:52:30
444,Airport,Trip Completed,2016 09:09:00
1260,Airport,Trip Completed,2016 21:59:00
1976,Airport,Trip Completed,2016 12:18:00
2096,Airport,Trip Completed,2016 16:01:00
2732,City,Trip Completed,2016 02:33:50
5383,City,Trip Completed,2016 00:03:46
4156,City,Trip Completed,2016 05:07:48
4761,City,Trip Completed,2016 15:31:28
6446,Airport,Trip Completed,2016 20:02:19
6610,City,Trip Completed,2016 21:49:16
638,City,Trip Completed,2016 12:30:00
1644,Airport,Trip Completed,2016 07:16:00
2040,Airport,Trip Completed,2016 14:25:00
2794,City,Trip Completed,2016 04:55:18
3172,Airport,Trip Completed,2016 09:13:30
6559,Airport,Trip Completed,2016 21:00:38
243,City,Trip Completed,2016 06:34:00
296,Airport,Trip Completed,2016 07:12:00
677,City,Trip Completed,2016 13:26:00
1360,City,Trip Completed,2016 23:54:00
1916,Airport,Trip Completed,2016 10:43:00
2397,City,Trip Completed,2016 19:45:00
3624,Airport,Trip Completed,2016 18:52:47
4799,City,Trip Completed,2016 16:56:18
5241,City,Trip Completed,2016 21:13:16
6380,Airport,Trip Completed,2016 19:19:21
998,Airport,Trip Completed,2016 19:01:00
1281,Airport,Trip Completed,2016 22:12:00
2045,Airport,Trip Completed,2016 14:43:00
2424,City,Trip Completed,2016 20:03:00
3162,Airport,Trip Completed,2016 09:11:48
3222,City,Trip Completed,2016 09:51:05
4098,City,Trip Completed,2016 03:11:51
4905,Airport,Trip Completed,2016 18:00:53
5622,Airport,Trip Completed,2016 06:27:02
318,City,Trip Completed,2016 07:28:00
557,City,Trip Completed,2016 10:15:00
2034,Airport,Trip Completed,2016 14:16:00
2392,City,Trip Completed,2016 19:50:00
4542,Airport,Trip Completed,2016 09:40:19
5500,City,Trip Completed,2016 05:00:18
6382,Airport,Trip Completed,2016 19:15:16
6575,City,Trip Completed,2016 21:18:53
1827,Airport,Trip Completed,2016 09:35:00
2095,City,Trip Completed,2016 15:56:00
3092,Airport,Trip Completed,2016 08:15:35
4813,City,Trip Completed,2016 17:17:11
5164,City,Trip Completed,2016 20:25:24
6702,City,Trip Completed,2016 22:47:49
429,City,Trip Completed,2016 08:54:00
2681,Airport,Trip Completed,2016 00:10:00
3160,City,Trip Completed,2016 09:11:21
3400,City,Trip Completed,2016 15:04:14
3889,Airport,Trip Completed,2016 21:53:41
4151,City,Trip Completed,2016 04:58:39
4738,Airport,Trip Completed,2016 14:44:09
4963,Airport,Trip Completed,2016 18:35:15
311,Airport,Trip Completed,2016 07:27:00
928,City,Trip Completed,2016 18:29:00
1468,City,Trip Completed,2016 05:09:00
2677,City,Trip Completed,2016 23:54:00
2916,City,Trip Completed,2016 06:12:41
4663,City,Trip Completed,2016 12:16:57
6741,City,Trip Completed,2016 23:42:11
48,City,Trip Completed,2016 03:14:00
838,City,Trip Completed,2016 17:43:00
1657,Airport,Trip Completed,2016 07:29:00
2032,Airport,Trip Completed,2016 14:14:00
3507,City,Trip Completed,2016 17:38:09
3780,City,Trip Completed,2016 20:45:38
6180,City,Trip Completed,2016 17:02:22
6615,City,Trip Completed,2016 21:46:01
797,City,Trip Completed,2016 17:16:00
1564,City,Trip Completed,2016 06:18:00
2075,City,Trip Completed,2016 15:31:00
2822,City,Trip Completed,2016 05:14:57
3387,City,Trip Completed,2016 14:36:48
4315,City,Trip Completed,2016 06:46:52
5549,Airport,Trip Completed,2016 05:29:41
6284,City,Trip Completed,2016 18:18:32
6403,Airport,Trip Completed,2016 19:25:57
6684,Airport,Trip Completed,2016 22:34:04
451,City,Trip Completed,2016 09:10:00
588,City,Trip Completed,2016 11:20:00
671,Airport,Trip Completed,2016 13:16:00
1369,Airport,Trip Completed,2016 00:15:00
1688,City,Trip Completed,2016 07:51:00
2861,City,Trip Completed,2016 05:38:59
3354,City,Trip Completed,2016 13:25:02
5141,Airport,Trip Completed,2016 20:15:33
5460,Airport,Trip Completed,2016 04:06:50
5904,City,Trip Completed,2016 10:00:46
5973,Airport,Trip Completed,2016 11:10:28
704,Airport,Trip Completed,2016 14:12:00
785,City,Trip Completed,2016 16:49:00
2631,Airport,Trip Completed,2016 22:18:00
2911,Airport,Trip Completed,2016 06:09:39
3360,Airport,Trip Completed,2016 13:37:08
3667,Airport,Trip Completed,2016 19:23:18
4624,Airport,Trip Completed,2016 11:05:37
604,City,Trip Completed,2016 11:44:00
1464,Airport,Trip Completed,2016 05:03:00
1810,City,Trip Completed,2016 09:18:00
2009,City,Trip Completed,2016 13:25:00
2166,City,Trip Completed,2016 17:30:00
5379,City,Trip Completed,2016 23:51:31
1367,City,Trip Completed,2016 00:05:00
447,City,Trip Completed,2016 09:07:00
1682,City,Trip Completed,2016 07:47:00
2043,Airport,Trip Completed,2016 14:30:00
2796,Airport,Trip Completed,2016 04:49:07
3945,City,Trip Completed,2016 22:33:31
4196,City,Trip Completed,2016 05:29:40
5174,City,Trip Completed,2016 20:29:43
5480,City,Trip Completed,2016 04:51:02
5883,Airport,Trip Completed,2016 09:39:54
6013,Airport,Trip Completed,2016 12:26:51
438,City,Trip Completed,2016 09:05:00
636,City,Trip Completed,2016 12:25:00
1938,Airport,Trip Completed,2016 11:21:00
2129,Airport,Trip Completed,2016 17:06:00
3337,Airport,Trip Completed,2016 12:42:45
3472,City,Trip Completed,2016 17:16:47
3991,City,Trip Completed,2016 23:24:37
4221,Airport,Trip Completed,2016 05:46:40
5719,Airport,Trip Completed,2016 07:45:50
143,Airport,Trip Completed,2016 05:24:00
784,City,Trip Completed,2016 16:50:00
1020,Airport,Trip Completed,2016 19:17:00
2934,City,Trip Completed,2016 06:28:12
4073,City,Trip Completed,2016 02:10:36
4751,City,Trip Completed,2016 15:18:31
5275,City,Trip Completed,2016 21:38:10
1262,Airport,Trip Completed,2016 22:00:00
1600,City,Trip Completed,2016 06:39:00
2016,City,Trip Completed,2016 13:34:00
2370,Airport,Trip Completed,2016 19:37:00
3192,Airport,Trip Completed,2016 09:32:25
3367,Airport,Trip Completed,2016 13:51:00
3952,City,Trip Completed,2016 22:45:09
4517,Airport,Trip Completed,2016 09:22:47
4944,City,Trip Completed,2016 18:33:03
6037,Airport,Trip Completed,2016 13:03:25
6385,Airport,Trip Completed,2016 19:19:47
398,City,Trip Completed,2016 08:26:00
2163,Airport,Trip Completed,2016 17:30:00
3985,Airport,Trip Completed,2016 23:15:18
4780,City,Trip Completed,2016 16:29:40
5453,City,Trip Completed,2016 03:38:02
5807,City,Trip Completed,2016 08:41:35
6074,Airport,Trip Completed,2016 14:07:10
6651,City,Trip Completed,2016 22:06:53
223,Airport,Trip Completed,2016 06:13:00
680,City,Trip Completed,2016 13:30:00
887,Airport,Trip Completed,2016 18:10:00
1689,Airport,Trip Completed,2016 07:51:00
1939,City,Trip Completed,2016 11:18:00
2182,City,Trip Completed,2016 17:42:00
3223,Airport,Trip Completed,2016 09:48:30
3819,Airport,Trip Completed,2016 21:08:10
4823,Airport,Trip Completed,2016 17:22:20
5431,Airport,Trip Completed,2016 02:38:30
6353,Airport,Trip Completed,2016 18:57:01
163,City,Trip Completed,2016 05:35:00
706,Airport,Trip Completed,2016 14:12:00
1214,Airport,Trip Completed,2016 21:30:00
1399,City,Trip Completed,2016 02:35:00
1574,Airport,Trip Completed,2016 06:26:00
1870,City,Trip Completed,2016 10:01:00
2267,Airport,Trip Completed,2016 18:33:00
2658,Airport,Trip Completed,2016 23:18:00
3048,Airport,Trip Completed,2016 07:41:17
3301,Airport,Trip Completed,2016 11:41:40
3477,City,Trip Completed,2016 17:18:05
4371,City,Trip Completed,2016 07:34:57
445,City,Trip Completed,2016 09:06:00
1100,Airport,Trip Completed,2016 20:10:00
1961,City,Trip Completed,2016 11:53:00
3215,Airport,Trip Completed,2016 09:49:32
3997,Airport,Trip Completed,2016 23:36:23
4385,City,Trip Completed,2016 07:51:59
4736,City,Trip Completed,2016 14:31:20
5291,Airport,Trip Completed,2016 21:48:06
5350,City,Trip Completed,2016 22:52:35
5768,City,Trip Completed,2016 08:27:01
675,City,Trip Completed,2016 13:24:00
1996,Airport,Trip Completed,2016 12:57:00
2510,City,Trip Completed,2016 21:01:00
3969,Airport,Trip Completed,2016 22:58:22
4397,City,Trip Completed,2016 07:56:05
5326,City,Trip Completed,2016 22:09:30
5987,City,Trip Completed,2016 11:42:14
6152,Airport,Trip Completed,2016 16:15:34
6317,City,Trip Completed,2016 18:35:57
602,City,Trip Completed,2016 11:38:00
981,City,Trip Completed,2016 19:01:00
1317,Airport,Trip Completed,2016 22:57:00
2112,Airport,Trip Completed,2016 16:32:00
2365,City,Trip Completed,2016 19:34:00
2849,City,Trip Completed,2016 05:29:42
4573,City,Trip Completed,2016 09:47:53
5095,City,Trip Completed,2016 19:48:45
741,Airport,Trip Completed,2016 15:39:00
1873,City,Trip Completed,2016 09:59:00
2134,Airport,Trip Completed,2016 17:14:00
3461,Airport,Trip Completed,2016 17:04:19
3711,Airport,Trip Completed,2016 19:47:15
5001,Airport,Trip Completed,2016 18:59:05
248,City,Trip Completed,2016 06:38:00
1321,Airport,Trip Completed,2016 23:01:00
1997,City,Trip Completed,2016 13:02:00
2544,City,Trip Completed,2016 21:22:00
3863,City,Trip Completed,2016 21:44:48
4336,City,Trip Completed,2016 07:14:05
4754,City,Trip Completed,2016 15:24:45
6620,City,Trip Completed,2016 21:48:02
500,Airport,Trip Completed,2016 09:38:00
1518,City,Trip Completed,2016 05:50:00
3082,City,Trip Completed,2016 08:10:03
3478,Airport,Trip Completed,2016 17:19:57
4539,City,Trip Completed,2016 09:35:42
4791,City,Trip Completed,2016 16:43:10
5263,City,Trip Completed,2016 21:30:34
1679,City,Trip Completed,2016 07:46:00
2276,Airport,Trip Completed,2016 18:38:00
2747,Airport,Trip Completed,2016 03:17:00
3370,City,Trip Completed,2016 13:56:50
3741,Airport,Trip Completed,2016 20:14:21
4266,Airport,Trip Completed,2016 06:10:03
5596,City,Trip Completed,2016 06:08:33
5961,Airport,Trip Completed,2016 10:55:52
6418,City,Trip Completed,2016 19:45:28
759,City,Trip Completed,2016 16:16:00
2524,Airport,Trip Completed,2016 21:09:00
2769,Airport,Trip Completed,2016 04:13:56
5071,Airport,Trip Completed,2016 19:30:33
5287,City,Trip Completed,2016 21:46:45
33,Airport,Trip Completed,2016 02:17:00
2692,City,Trip Completed,2016 00:42:20
2835,City,Trip Completed,2016 05:19:47
3122,Airport,Trip Completed,2016 08:37:13
3465,City,Trip Completed,2016 17:12:20
3857,City,Trip Completed,2016 21:34:05
4343,Airport,Trip Completed,2016 07:17:34
4417,City,Trip Completed,2016 08:13:37
5756,City,Trip Completed,2016 08:03:01
5907,Airport,Trip Completed,2016 09:56:35
699,Airport,Trip Completed,2016 14:02:00
821,City,Trip Completed,2016 17:34:00
2085,City,Trip Completed,2016 15:41:00
2346,Airport,Trip Completed,2016 19:17:00
2704,City,Trip Completed,2016 01:12:32
2901,Airport,Trip Completed,2016 06:04:24
3475,City,Trip Completed,2016 17:19:55
3743,Airport,Trip Completed,2016 20:19:50
5209,Airport,Trip Completed,2016 20:58:21
6674,Airport,Trip Completed,2016 22:25:32
714,City,Trip Completed,2016 14:28:00
792,Airport,Trip Completed,2016 17:01:00
1341,Airport,Trip Completed,2016 23:26:00
1745,City,Trip Completed,2016 08:22:00
1971,City,Trip Completed,2016 12:08:00
2632,City,Trip Completed,2016 22:19:00
2935,City,Trip Completed,2016 06:30:08
3142,Airport,Trip Completed,2016 08:50:45
4516,City,Trip Completed,2016 09:11:02
4605,Airport,Trip Completed,2016 10:14:36
5936,Airport,Trip Completed,2016 10:17:39
6621,City,Trip Completed,2016 21:49:39
752,Airport,Trip Completed,2016 16:03:00
1336,City,Trip Completed,2016 23:17:00
1836,Airport,Trip Completed,2016 09:37:00
2447,Airport,Trip Completed,2016 20:24:00
3517,Airport,Trip Completed,2016 17:46:30
3831,Airport,Trip Completed,2016 21:16:33
4136,City,Trip Completed,2016 04:46:17
4700,Airport,Trip Completed,2016 13:08:15
5484,City,Trip Completed,2016 04:54:59
5900,City,Trip Completed,2016 09:53:30
6634,Airport,Trip Completed,2016 22:03:00
426,City,Trip Completed,2016 08:48:00
1320,City,Trip Completed,2016 22:52:00
1588,City,Trip Completed,2016 06:32:00
2375,Airport,Trip Completed,2016 19:38:00
4411,Airport,Trip Completed,2016 08:09:40
4769,Airport,Trip Completed,2016 15:42:35
5149,City,Trip Completed,2016 20:27:10
5659,City,Trip Completed,2016 07:03:49
545,City,Trip Completed,2016 10:06:00
778,City,Trip Completed,2016 16:39:00
1289,City,Trip Completed,2016 22:26:00
1654,Airport,Trip Completed,2016 07:23:00
1945,Airport,Trip Completed,2016 11:33:00
2460,City,Trip Completed,2016 20:29:00
2877,Airport,Trip Completed,2016 05:49:52
3264,City,Trip Completed,2016 10:21:04
3927,City,Trip Completed,2016 22:22:46
5774,City,Trip Completed,2016 08:29:25
923,City,Trip Completed,2016 18:26:00
1439,City,Trip Completed,2016 04:45:00
2130,City,Trip Completed,2016 17:04:00
2797,City,Trip Completed,2016 04:53:36
3135,Airport,Trip Completed,2016 08:48:27
3525,Airport,Trip Completed,2016 17:48:26
3925,Airport,Trip Completed,2016 22:26:29
4087,City,Trip Completed,2016 02:52:39
4706,City,Trip Completed,2016 13:14:44
5448,Airport,Trip Completed,2016 03:22:27
5645,City,Trip Completed,2016 06:51:10
5862,City,Trip Completed,2016 09:19:29
6079,Airport,Trip Completed,2016 14:21:50
6648,Airport,Trip Completed,2016 22:04:52
863,City,Trip Completed,2016 17:55:00
1324,City,Trip Completed,2016 22:59:00
1666,City,Trip Completed,2016 07:37:00
1797,Airport,Trip Completed,2016 09:15:00
2279,Airport,Trip Completed,2016 18:38:00
2997,City,Trip Completed,2016 07:10:45
3343,Airport,Trip Completed,2016 12:57:34
3625,Airport,Trip Completed,2016 18:57:24
4310,City,Trip Completed,2016 06:48:51
4750,Airport,Trip Completed,2016 15:09:22
5185,Airport,Trip Completed,2016 20:35:30
5978,Airport,Trip Completed,2016 11:27:18
6073,City,Trip Completed,2016 14:02:35
455,City,Trip Completed,2016 09:17:00
651,Airport,Trip Completed,2016 12:45:00
742,City,Trip Completed,2016 15:38:00
828,Airport,Trip Completed,2016 17:35:00
1701,City,Trip Completed,2016 07:58:00
1985,City,Trip Completed,2016 12:24:00
2277,City,Trip Completed,2016 18:39:00
3108,Airport,Trip Completed,2016 08:25:17
3880,Airport,Trip Completed,2016 21:54:09
4252,City,Trip Completed,2016 06:05:14
4646,Airport,Trip Completed,2016 11:49:01
5560,Airport,Trip Completed,2016 05:35:45
483,City,Trip Completed,2016 09:26:00
628,Airport,Trip Completed,2016 12:19:00
2285,City,Trip Completed,2016 18:34:00
4024,Airport,Trip Completed,2016 00:06:34
2952,City,Trip Completed,2016 06:39:09
4631,Airport,Trip Completed,2016 11:16:57
5200,Airport,Trip Completed,2016 20:48:33
5711,City,Trip Completed,2016 07:40:48
6399,Airport,Trip Completed,2016 19:24:48
6453,City,Trip Completed,2016 20:06:18
788,City,Trip Completed,2016 16:53:00
1550,Airport,Trip Completed,2016 06:08:00
2069,Airport,Trip Completed,2016 15:20:00
2593,City,Trip Completed,2016 21:43:00
2943,City,Trip Completed,2016 06:41:04
3649,City,Trip Completed,2016 19:11:32
3942,Airport,Trip Completed,2016 22:36:27
5512,Airport,Trip Completed,2016 05:10:25
5752,City,Trip Completed,2016 08:02:05
6362,City,Trip Completed,2016 19:05:36
1151,Airport,Trip Completed,2016 20:40:00
1812,Airport,Trip Completed,2016 09:16:00
1946,Airport,Trip Completed,2016 11:28:00
2646,City,Trip Completed,2016 22:46:00
3255,Airport,Trip Completed,2016 10:10:00
3431,Airport,Trip Completed,2016 16:03:13
3634,City,Trip Completed,2016 19:00:49
4592,City,Trip Completed,2016 10:09:16
5705,City,Trip Completed,2016 07:32:41
6056,Airport,Trip Completed,2016 13:35:56
325,City,Trip Completed,2016 07:34:00
1015,City,Trip Completed,2016 19:15:00
1308,City,Trip Completed,2016 22:41:00
1667,City,Trip Completed,2016 07:42:00
2436,Airport,Trip Completed,2016 20:15:00
2865,City,Trip Completed,2016 05:42:33
3397,City,Trip Completed,2016 15:00:02
4040,Airport,Trip Completed,2016 00:38:21
4094,City,Trip Completed,2016 03:09:17
4568,Airport,Trip Completed,2016 09:50:59
5105,City,Trip Completed,2016 19:59:57
573,Airport,Trip Completed,2016 10:57:00
789,City,Trip Completed,2016 16:54:00
1525,City,Trip Completed,2016 05:48:00
2786,Airport,Trip Completed,2016 04:54:15
3143,Airport,Trip Completed,2016 08:52:45
3917,City,Trip Completed,2016 22:15:07
4375,City,Trip Completed,2016 07:38:26
6345,City,Trip Completed,2016 18:44:57
169,City,Trip Completed,2016 05:45:00
537,City,Trip Completed,2016 10:05:00
682,City,Trip Completed,2016 13:32:00
1384,City,Trip Completed,2016 01:15:00
2167,Airport,Trip Completed,2016 17:30:00
2295,City,Trip Completed,2016 18:48:00
3109,City,Trip Completed,2016 08:22:49
3293,City,Trip Completed,2016 11:18:02
3444,City,Trip Completed,2016 16:33:05
3660,Airport,Trip Completed,2016 19:22:51
4693,City,Trip Completed,2016 13:01:23
5214,Airport,Trip Completed,2016 20:59:09
5570,City,Trip Completed,2016 05:53:21
6003,Airport,Trip Completed,2016 12:09:01
6663,Airport,Trip Completed,2016 22:22:03
616,Airport,Trip Completed,2016 12:05:00
1056,City,Trip Completed,2016 19:49:00
1903,City,Trip Completed,2016 10:36:00
2643,City,Trip Completed,2016 22:37:00
3291,City,Trip Completed,2016 11:10:05
3965,Airport,Trip Completed,2016 22:50:47
4007,City,Trip Completed,2016 23:46:19
4234,City,Trip Completed,2016 05:59:10
4388,Airport,Trip Completed,2016 07:50:14
4964,City,Trip Completed,2016 18:34:51
5544,City,Trip Completed,2016 05:23:42
6217,City,Trip Completed,2016 17:33:50
1345,Airport,Trip Completed,2016 23:37:00
1874,Airport,Trip Completed,2016 09:56:00
2413,City,Trip Completed,2016 20:02:00
3068,City,Trip Completed,2016 07:59:50
3452,City,Trip Completed,2016 16:52:55
4031,City,Trip Completed,2016 00:22:54
4438,Airport,Trip Completed,2016 08:27:23
5521,Airport,Trip Completed,2016 05:19:12
5832,City,Trip Completed,2016 09:00:26
5990,Airport,Trip Completed,2016 11:43:12
6254,City,Trip Completed,2016 17:57:37
320,City,Trip Completed,2016 07:32:00
717,City,Trip Completed,2016 14:52:00
2074,City,Trip Completed,2016 15:32:00
4576,Airport,Trip Completed,2016 09:57:29
5503,City,Trip Completed,2016 05:11:38
173,City,Trip Completed,2016 05:45:00
698,City,Trip Completed,2016 14:00:00
2039,Airport,Trip Completed,2016 14:29:00
2467,Airport,Trip Completed,2016 20:34:00
2676,Airport,Trip Completed,2016 23:53:00
3038,City,Trip Completed,2016 07:37:29
4003,Airport,Trip Completed,2016 23:40:51
4126,City,Trip Completed,2016 04:40:41
4611,City,Trip Completed,2016 10:34:17
4975,City,Trip Completed,2016 18:42:37
5664,City,Trip Completed,2016 07:03:01
6006,Airport,Trip Completed,2016 12:17:49
6329,City,Trip Completed,2016 18:43:35
2779,Airport,Trip Completed,2016 04:46:08
4216,Airport,Trip Completed,2016 05:38:23
4711,Airport,Trip Completed,2016 13:18:22
4825,City,Trip Completed,2016 17:22:06
6175,City,Trip Completed,2016 16:55:44
2445,City,Trip Completed,2016 20:18:00
2714,Airport,Trip Completed,2016 01:52:50
3089,Airport,Trip Completed,2016 08:11:13
3462,Airport,Trip Completed,2016 17:10:30
4462,Airport,Trip Completed,2016 08:40:30
4698,City,Trip Completed,2016 13:07:35
5098,Airport,Trip Completed,2016 19:50:28
6711,City,Trip Completed,2016 23:07:06
146,Airport,Trip Completed,2016 05:29:00
652,Airport,Trip Completed,2016 12:43:00
1947,Airport,Trip Completed,2016 11:33:00
2236,Airport,Trip Completed,2016 18:16:00
3393,City,Trip Completed,2016 14:42:19
4577,Airport,Trip Completed,2016 09:54:17
4932,City,Trip Completed,2016 18:17:33
5419,City,Trip Completed,2016 02:01:30
5766,City,Trip Completed,2016 08:19:48
6261,Airport,Trip Completed,2016 18:07:05
800,Airport,Trip Completed,2016 17:13:00
1484,Airport,Trip Completed,2016 05:19:00
1989,Airport,Trip Completed,2016 12:30:00
3850,Airport,Trip Completed,2016 21:27:22
4441,City,Trip Completed,2016 08:32:09
4783,Airport,Trip Completed,2016 16:34:22
392,Airport,Trip Completed,2016 08:23:00
653,City,Trip Completed,2016 12:47:00
1283,City,Trip Completed,2016 22:09:00
1860,City,Trip Completed,2016 09:55:00
1910,Airport,Trip Completed,2016 10:41:00
2259,Airport,Trip Completed,2016 18:30:00
2752,Airport,Trip Completed,2016 03:37:35
3385,City,Trip Completed,2016 14:33:34
4915,Airport,Trip Completed,2016 18:12:32
5957,Airport,Trip Completed,2016 10:46:03
5992,City,Trip Completed,2016 11:54:17
6160,Airport,Trip Completed,2016 16:30:16
21,Airport,Trip Completed,2016 01:29:00
106,City,Trip Completed,2016 05:06:00
512,Airport,Trip Completed,2016 09:47:00
760,City,Trip Completed,2016 16:16:00
1098,City,Trip Completed,2016 20:15:00
1314,Airport,Trip Completed,2016 22:44:00
2746,Airport,Trip Completed,2016 03:14:15
3140,Airport,Trip Completed,2016 08:48:42
3314,City,Trip Completed,2016 12:06:57
4157,Airport,Trip Completed,2016 05:04:53
5340,Airport,Trip Completed,2016 22:32:15
6257,Airport,Trip Completed,2016 18:03:39
564,Airport,Trip Completed,2016 10:20:00
1271,Airport,Trip Completed,2016 22:00:00
1647,Airport,Trip Completed,2016 07:13:00
2767,Airport,Trip Completed,2016 04:07:13
3646,Airport,Trip Completed,2016 19:11:00
4865,Airport,Trip Completed,2016 17:37:10
6055,Airport,Trip Completed,2016 13:35:34
6679,Airport,Trip Completed,2016 22:26:08
283,Airport,Trip Completed,2016 07:01:00
489,City,Trip Completed,2016 09:29:00
1559,Airport,Trip Completed,2016 06:09:00
2545,Airport,Trip Completed,2016 21:20:00
3333,City,Trip Completed,2016 12:35:14
4037,Airport,Trip Completed,2016 00:32:45
4578,Airport,Trip Completed,2016 09:59:09
4664,City,Trip Completed,2016 12:23:06
4756,City,Trip Completed,2016 15:20:35
5843,Airport,Trip Completed,2016 09:10:25
6045,City,Trip Completed,2016 13:19:25
6735,Airport,Trip Completed,2016 23:35:13
335,City,Trip Completed,2016 07:39:00
558,City,Trip Completed,2016 10:15:00
844,City,Trip Completed,2016 17:38:00
1186,City,Trip Completed,2016 21:05:00
1705,City,Trip Completed,2016 08:08:00
2469,Airport,Trip Completed,2016 20:43:00
2975,Airport,Trip Completed,2016 06:53:25
3641,City,Trip Completed,2016 19:04:23
4476,Airport,Trip Completed,2016 08:50:51
4969,City,Trip Completed,2016 18:41:23
5737,City,Trip Completed,2016 07:49:45
6102,City,Trip Completed,2016 14:57:52
6721,City,Trip Completed,2016 23:23:48
11,City,Trip Completed,2016 01:00:00
519,City,Trip Completed,2016 09:43:00
1994,Airport,Trip Completed,2016 12:49:00
2483,Airport,Trip Completed,2016 20:46:00
2635,City,Trip Completed,2016 22:26:00
3545,City,Trip Completed,2016 18:00:59
4730,City,Trip Completed,2016 14:12:00
4976,Airport,Trip Completed,2016 18:46:48
5789,Airport,Trip Completed,2016 08:32:39
6030,Airport,Trip Completed,2016 12:54:09
6616,Airport,Trip Completed,2016 21:51:29
165,Airport,Trip Completed,2016 05:39:00
1706,City,Trip Completed,2016 08:11:00
1821,Airport,Trip Completed,2016 09:31:00
2629,City,Trip Completed,2016 22:13:00
5227,Airport,Trip Completed,2016 21:02:35
5374,City,Trip Completed,2016 23:40:04
5823,City,Trip Completed,2016 08:56:31
6007,City,Trip Completed,2016 12:15:42
6736,Airport,Trip Completed,2016 23:36:53
590,City,Trip Completed,2016 11:20:00
779,Airport,Trip Completed,2016 16:40:00
1085,City,Trip Completed,2016 20:03:00
1435,City,Trip Completed,2016 04:46:00
2007,City,Trip Completed,2016 13:24:00
2381,City,Trip Completed,2016 19:41:00
2912,Airport,Trip Completed,2016 06:13:27
3453,Airport,Trip Completed,2016 16:56:55
4180,Airport,Trip Completed,2016 05:18:07
5122,City,Trip Completed,2016 20:04:32
5531,Airport,Trip Completed,2016 05:23:07
6582,City,Trip Completed,2016 21:22:16
406,Airport,Trip Completed,2016 08:36:00
740,Airport,Trip Completed,2016 15:35:00
1312,City,Trip Completed,2016 22:48:00
1540,Airport,Trip Completed,2016 06:04:00
1962,City,Trip Completed,2016 11:59:00
2173,Airport,Trip Completed,2016 17:34:00
3375,City,Trip Completed,2016 14:12:23
3540,City,Trip Completed,2016 17:58:52
4671,City,Trip Completed,2016 12:29:14
5336,Airport,Trip Completed,2016 22:25:11
5734,City,Trip Completed,2016 07:44:41
197,City,Trip Completed,2016 06:00:00
819,Airport,Trip Completed,2016 17:29:00
1527,Airport,Trip Completed,2016 05:52:00
3229,Airport,Trip Completed,2016 09:54:42
4638,City,Trip Completed,2016 11:38:13
5075,City,Trip Completed,2016 19:45:45
5455,City,Trip Completed,2016 03:47:48
5738,City,Trip Completed,2016 07:53:45
6167,Airport,Trip Completed,2016 16:43:19
220,Airport,Trip Completed,2016 06:11:00
909,Airport,Trip Completed,2016 18:16:00
1306,Airport,Trip Completed,2016 22:39:00
2998,City,Trip Completed,2016 07:16:45
3415,City,Trip Completed,2016 15:28:02
3789,City,Trip Completed,2016 20:49:13
4227,Airport,Trip Completed,2016 05:49:34
6490,City,Trip Completed,2016 20:29:24
6712,Airport,Trip Completed,2016 23:02:31
583,Airport,Trip Completed,2016 11:08:00
772,City,Trip Completed,2016 16:25:00
1142,City,Trip Completed,2016 20:42:00
1436,City,Trip Completed,2016 04:46:00
1986,City,Trip Completed,2016 12:32:00
2508,Airport,Trip Completed,2016 21:04:00
2788,City,Trip Completed,2016 04:49:55
2956,Airport,Trip Completed,2016 06:42:12
4518,City,Trip Completed,2016 09:18:42
4681,City,Trip Completed,2016 12:47:46
5041,City,Trip Completed,2016 19:20:06
6176,City,Trip Completed,2016 16:55:46
542,Airport,Trip Completed,2016 10:06:00
605,Airport,Trip Completed,2016 11:42:00
1908,Airport,Trip Completed,2016 10:35:00
3662,City,Trip Completed,2016 19:19:23
4254,City,Trip Completed,2016 06:06:21
5337,City,Trip Completed,2016 22:21:28
5430,City,Trip Completed,2016 02:35:11
6630,Airport,Trip Completed,2016 21:58:19
297,Airport,Trip Completed,2016 07:13:00
501,City,Trip Completed,2016 09:37:00
826,City,Trip Completed,2016 17:32:00
2339,City,Trip Completed,2016 19:19:00
3025,City,Trip Completed,2016 07:32:12
4803,City,Trip Completed,2016 17:02:43
5893,City,Trip Completed,2016 09:42:11
876,Airport,Trip Completed,2016 17:58:00
1318,City,Trip Completed,2016 22:51:00
1477,Airport,Trip Completed,2016 05:16:00
2084,Airport,Trip Completed,2016 15:46:00
2354,Airport,Trip Completed,2016 19:25:00
3407,Airport,Trip Completed,2016 15:24:47
3703,Airport,Trip Completed,2016 19:42:01
4085,Airport,Trip Completed,2016 02:42:00
4625,City,Trip Completed,2016 11:04:55
4866,City,Trip Completed,2016 17:35:53
1278,City,Trip Completed,2016 22:03:00
2037,City,Trip Completed,2016 14:13:00
2567,Airport,Trip Completed,2016 21:37:00
2829,City,Trip Completed,2016 05:20:05
2918,Airport,Trip Completed,2016 06:20:10
3362,Airport,Trip Completed,2016 13:37:26
5615,City,Trip Completed,2016 06:27:11
2008,Airport,Trip Completed,2016 13:23:00
3031,Airport,Trip Completed,2016 07:32:39
3500,Airport,Trip Completed,2016 17:31:22
5079,City,Trip Completed,2016 19:40:11
5967,City,Trip Completed,2016 10:56:15
6375,City,Trip Completed,2016 19:10:20
1551,City,Trip Completed,2016 06:10:00
2041,City,Trip Completed,2016 14:24:00
2666,City,Trip Completed,2016 23:40:00
3348,City,Trip Completed,2016 13:12:47
3518,Airport,Trip Completed,2016 17:45:55
4205,City,Trip Completed,2016 05:35:58
6346,Airport,Trip Completed,2016 18:48:48
6433,City,Trip Completed,2016 19:52:00
1471,City,Trip Completed,2016 05:09:00
1808,Airport,Trip Completed,2016 09:13:00
2017,City,Trip Completed,2016 13:43:00
4483,City,Trip Completed,2016 08:49:48
4639,Airport,Trip Completed,2016 11:31:09
4901,Airport,Trip Completed,2016 18:02:12
5357,City,Trip Completed,2016 23:09:23
6214,Airport,Trip Completed,2016 17:35:20
575,Airport,Trip Completed,2016 10:59:00
753,Airport,Trip Completed,2016 15:58:00
999,City,Trip Completed,2016 19:06:00
1534,Airport,Trip Completed,2016 05:59:00
1773,Airport,Trip Completed,2016 08:57:00
1890,City,Trip Completed,2016 10:08:00
2609,Airport,Trip Completed,2016 22:00:00
2864,City,Trip Completed,2016 05:43:57
3134,City,Trip Completed,2016 08:40:06
3302,City,Trip Completed,2016 11:41:45
3999,Airport,Trip Completed,2016 23:40:57
4450,City,Trip Completed,2016 08:30:35
6376,City,Trip Completed,2016 19:12:24
6622,Airport,Trip Completed,2016 21:46:05
87,City,Trip Completed,2016 04:46:00
859,City,Trip Completed,2016 17:49:00
1170,City,Trip Completed,2016 20:55:00
2511,City,Trip Completed,2016 21:07:00
3427,Airport,Trip Completed,2016 15:52:40
5385,Airport,Trip Completed,2016 00:07:29
4643,Airport,Trip Completed,2016 11:41:55
4850,Airport,Trip Completed,2016 17:34:36
5689,City,Trip Completed,2016 07:21:55
600,City,Trip Completed,2016 11:38:00
2053,Airport,Trip Completed,2016 14:50:00
2256,Airport,Trip Completed,2016 18:25:00
2947,City,Trip Completed,2016 06:35:59
3834,City,Trip Completed,2016 21:21:52
4414,Airport,Trip Completed,2016 08:08:15
5901,City,Trip Completed,2016 09:53:12
214,City,Trip Completed,2016 06:13:00
423,City,Trip Completed,2016 08:36:00
1138,City,Trip Completed,2016 20:30:00
1977,Airport,Trip Completed,2016 12:24:00
2328,City,Trip Completed,2016 19:12:00
2990,City,Trip Completed,2016 07:10:57
3658,Airport,Trip Completed,2016 19:24:22
4471,City,Trip Completed,2016 08:46:16
4767,Airport,Trip Completed,2016 15:34:27
5505,City,Trip Completed,2016 05:02:55
5850,City,Trip Completed,2016 09:03:38
484,City,Trip Completed,2016 09:24:00
855,City,Trip Completed,2016 17:50:00
2709,Airport,Trip Completed,2016 01:27:34
5556,City,Trip Completed,2016 05:35:47
5648,Airport,Trip Completed,2016 06:55:43
114,City,Trip Completed,2016 05:10:00
470,City,Trip Completed,2016 09:22:00
1446,City,Trip Completed,2016 04:45:00
3466,City,Trip Completed,2016 17:12:42
4775,Airport,Trip Completed,2016 16:07:20
1065,Airport,Trip Completed,2016 19:51:00
1457,Airport,Trip Completed,2016 04:58:00
3363,City,Trip Completed,2016 13:36:11
3994,Airport,Trip Completed,2016 23:21:24
4340,City,Trip Completed,2016 07:13:44
4902,City,Trip Completed,2016 18:03:42
5360,Airport,Trip Completed,2016 23:19:15
5665,City,Trip Completed,2016 07:03:13
5977,City,Trip Completed,2016 11:27:33
6742,City,Trip Completed,2016 23:38:20
280,Airport,Trip Completed,2016 07:05:00
475,Airport,Trip Completed,2016 09:24:00
1350,City,Trip Completed,2016 23:40:00
2707,Airport,Trip Completed,2016 01:17:55
2928,Airport,Trip Completed,2016 06:26:22
4534,City,Trip Completed,2016 09:29:54
4715,City,Trip Completed,2016 13:22:22
4814,Airport,Trip Completed,2016 17:17:31
5878,City,Trip Completed,2016 09:33:34
6076,Airport,Trip Completed,2016 14:13:38
609,City,Trip Completed,2016 11:52:00
1414,Airport,Trip Completed,2016 03:25:00
1713,Airport,Trip Completed,2016 08:08:00
1991,City,Trip Completed,2016 12:32:00
2082,Airport,Trip Completed,2016 15:42:00
2798,City,Trip Completed,2016 04:51:23
3763,City,Trip Completed,2016 20:35:37
4091,Airport,Trip Completed,2016 03:00:20
4372,City,Trip Completed,2016 07:32:52
4609,City,Trip Completed,2016 10:26:23
4949,Airport,Trip Completed,2016 18:28:29
6004,Airport,Trip Completed,2016 12:12:56
304,City,Trip Completed,2016 07:21:00
700,City,Trip Completed,2016 14:05:00
1708,Airport,Trip Completed,2016 08:10:00
1918,City,Trip Completed,2016 10:56:00
2067,Airport,Trip Completed,2016 15:13:00
3632,City,Trip Completed,2016 19:02:42
4332,City,Trip Completed,2016 07:10:55
4875,City,Trip Completed,2016 17:50:24
5108,City,Trip Completed,2016 20:03:55
5683,Airport,Trip Completed,2016 07:15:56
5976,Airport,Trip Completed,2016 11:10:14
6229,City,Trip Completed,2016 17:43:20
6478,Airport,Trip Completed,2016 20:14:02
1295,City,Trip Completed,2016 22:25:00
1829,Airport,Trip Completed,2016 09:33:00
2135,City,Trip Completed,2016 17:12:00
2719,City,Trip Completed,2016 02:10:23
3016,Airport,Trip Completed,2016 07:30:01
4065,City,Trip Completed,2016 01:54:08
4911,City,Trip Completed,2016 18:09:46
5338,Airport,Trip Completed,2016 22:27:13
6086,City,Trip Completed,2016 14:22:11
6457,Airport,Trip Completed,2016 20:06:36
330,Airport,Trip Completed,2016 07:39:00
626,Airport,Trip Completed,2016 12:10:00
857,City,Trip Completed,2016 17:52:00
2679,Airport,Trip Completed,2016 23:54:00
3098,Airport,Trip Completed,2016 08:22:37
3344,Airport,Trip Completed,2016 13:03:19
4428,City,Trip Completed,2016 08:18:15
5198,Airport,Trip Completed,2016 20:45:20
5368,City,Trip Completed,2016 23:36:12
5513,Airport,Trip Completed,2016 05:04:25
5742,City,Trip Completed,2016 07:52:18
6107,Airport,Trip Completed,2016 14:57:34
6729,City,Trip Completed,2016 23:19:07
904,Airport,Trip Completed,2016 18:11:00
1459,Airport,Trip Completed,2016 04:59:00
2636,Airport,Trip Completed,2016 22:18:00
2816,City,Trip Completed,2016 05:12:15
3341,Airport,Trip Completed,2016 12:51:25
3657,Airport,Trip Completed,2016 19:20:55
5032,City,Trip Completed,2016 19:07:43
6763,City,Trip Completed,2016 00:04:44
5649,Airport,Trip Completed,2016 06:51:58
6430,City,Trip Completed,2016 19:51:39
182,Airport,Trip Completed,2016 05:46:00
621,Airport,Trip Completed,2016 12:07:00
967,Airport,Trip Completed,2016 18:42:00
1422,Airport,Trip Completed,2016 04:07:00
1891,City,Trip Completed,2016 10:19:00
2307,City,Trip Completed,2016 18:58:00
3245,Airport,Trip Completed,2016 10:08:23
3319,Airport,Trip Completed,2016 12:17:16
3970,Airport,Trip Completed,2016 22:57:04
4303,City,Trip Completed,2016 06:44:29
5358,Airport,Trip Completed,2016 23:17:20
5793,Airport,Trip Completed,2016 08:38:57
6203,Airport,Trip Completed,2016 17:19:51
642,City,Trip Completed,2016 12:34:00
1119,Airport,Trip Completed,2016 20:31:00
1861,City,Trip Completed,2016 09:56:00
2168,Airport,Trip Completed,2016 17:29:00
2853,Airport,Trip Completed,2016 05:36:44
3299,City,Trip Completed,2016 11:44:09
4285,City,Trip Completed,2016 06:33:47
5210,City,Trip Completed,2016 20:56:31
5400,Airport,Trip Completed,2016 01:05:20
5553,Airport,Trip Completed,2016 05:34:20
6031,Airport,Trip Completed,2016 12:53:26
919,Airport,Trip Completed,2016 18:25:00
1097,City,Trip Completed,2016 20:11:00
1447,Airport,Trip Completed,2016 04:46:00
2105,City,Trip Completed,2016 16:08:00
2598,Airport,Trip Completed,2016 21:50:00
3469,Airport,Trip Completed,2016 17:14:33
3932,Airport,Trip Completed,2016 22:23:24
5344,Airport,Trip Completed,2016 22:37:51
6707,Airport,Trip Completed,2016 22:57:48
10,City,Trip Completed,2016 00:54:00
387,Airport,Trip Completed,2016 08:19:00
586,City,Trip Completed,2016 11:13:00
710,City,Trip Completed,2016 14:13:00
1658,Airport,Trip Completed,2016 07:29:00
2227,City,Trip Completed,2016 18:08:00
2668,Airport,Trip Completed,2016 23:35:00
3312,Airport,Trip Completed,2016 12:03:56
4212,City,Trip Completed,2016 05:33:45
6250,City,Trip Completed,2016 17:59:51
6692,City,Trip Completed,2016 22:47:49
1960,Airport,Trip Completed,2016 11:47:00
3460,City,Trip Completed,2016 17:08:08
4250,City,Trip Completed,2016 05:58:18
4504,Airport,Trip Completed,2016 09:09:21
5089,City,Trip Completed,2016 19:47:25
5950,City,Trip Completed,2016 10:46:39
205,Airport,Trip Completed,2016 06:10:00
853,Airport,Trip Completed,2016 17:48:00
1196,City,Trip Completed,2016 21:14:00
1598,Airport,Trip Completed,2016 06:38:00
2406,City,Trip Completed,2016 19:56:00
4299,City,Trip Completed,2016 06:40:36
4721,City,Trip Completed,2016 13:46:22
4886,City,Trip Completed,2016 17:54:45
5851,Airport,Trip Completed,2016 09:03:42
6303,Airport,Trip Completed,2016 18:27:59
292,City,Trip Completed,2016 07:14:00
384,Airport,Trip Completed,2016 08:18:00
1296,Airport,Trip Completed,2016 22:27:00
1978,City,Trip Completed,2016 12:20:00
3303,City,Trip Completed,2016 11:47:13
3953,Airport,Trip Completed,2016 22:49:28
4199,City,Trip Completed,2016 05:32:23
4773,Airport,Trip Completed,2016 15:55:15
5217,City,Trip Completed,2016 20:53:25
5870,Airport,Trip Completed,2016 09:23:39
5964,City,Trip Completed,2016 10:52:25
6082,City,Trip Completed,2016 14:18:11
206,City,Trip Completed,2016 06:07:00
595,City,Trip Completed,2016 11:31:00
2310,City,Trip Completed,2016 18:56:00
2880,Airport,Trip Completed,2016 05:53:50
3585,City,Trip Completed,2016 18:29:57
4515,City,Trip Completed,2016 09:16:06
5636,City,Trip Completed,2016 06:38:59
6132,Airport,Trip Completed,2016 15:37:04
6540,City,Trip Completed,2016 20:57:08
301,City,Trip Completed,2016 07:17:00
1057,Airport,Trip Completed,2016 19:53:00
1408,Airport,Trip Completed,2016 03:13:00
1453,City,Trip Completed,2016 04:53:00
1882,Airport,Trip Completed,2016 10:00:00
2111,Airport,Trip Completed,2016 16:25:00
2360,City,Trip Completed,2016 19:27:00
3207,City,Trip Completed,2016 09:44:54
3304,Airport,Trip Completed,2016 11:44:02
4122,Airport,Trip Completed,2016 04:30:34
4683,City,Trip Completed,2016 12:48:16
5470,City,Trip Completed,2016 04:45:25
6116,City,Trip Completed,2016 15:17:34
6393,Airport,Trip Completed,2016 19:20:44
6643,City,Trip Completed,2016 22:08:28
91,Airport,Trip Completed,2016 04:49:00
756,Airport,Trip Completed,2016 16:04:00
1680,City,Trip Completed,2016 07:48:00
2047,City,Trip Completed,2016 14:42:00
2866,Airport,Trip Completed,2016 05:39:33
3631,City,Trip Completed,2016 19:02:02
4316,City,Trip Completed,2016 06:54:05
5364,City,Trip Completed,2016 23:24:48
5605,City,Trip Completed,2016 06:15:03
9,Airport,Trip Completed,2016 00:45:00
448,City,Trip Completed,2016 09:13:00
1203,City,Trip Completed,2016 21:18:00
2010,Airport,Trip Completed,2016 13:28:00
4305,City,Trip Completed,2016 06:46:32
4687,Airport,Trip Completed,2016 12:59:26
4940,City,Trip Completed,2016 18:24:42
5175,City,Trip Completed,2016 20:27:44
5753,City,Trip Completed,2016 08:05:17
5996,Airport,Trip Completed,2016 11:55:21
6435,City,Trip Completed,2016 19:52:36
6562,Airport,Trip Completed,2016 21:04:00
872,Airport,Trip Completed,2016 17:57:00
1652,Airport,Trip Completed,2016 07:16:00
2000,Airport,Trip Completed,2016 12:59:00
3380,Airport,Trip Completed,2016 14:23:37
4060,City,Trip Completed,2016 01:37:38
4177,City,Trip Completed,2016 05:17:09
4635,City,Trip Completed,2016 11:30:28
6568,Airport,Trip Completed,2016 21:08:42
6743,Airport,Trip Completed,2016 23:44:23
1343,City,Trip Completed,2016 23:37:00
1519,Airport,Trip Completed,2016 05:43:00
2076,Airport,Trip Completed,2016 15:31:00
2136,City,Trip Completed,2016 17:15:00
2650,Airport,Trip Completed,2016 22:54:00
2793,Airport,Trip Completed,2016 04:54:29
3012,City,Trip Completed,2016 07:22:01
3847,Airport,Trip Completed,2016 21:36:57
4607,City,Trip Completed,2016 10:28:45
4654,Airport,Trip Completed,2016 11:57:13
4941,Airport,Trip Completed,2016 18:23:42
1526,City,Trip Completed,2016 05:56:00
1839,City,Trip Completed,2016 09:44:00
2268,City,Trip Completed,2016 18:35:00
3069,City,Trip Completed,2016 08:00:19
4039,City,Trip Completed,2016 00:38:22
4446,Airport,Trip Completed,2016 08:31:12
6021,Airport,Trip Completed,2016 12:44:52
74,Airport,Trip Completed,2016 04:38:00
1959,City,Trip Completed,2016 11:48:00
2169,Airport,Trip Completed,2016 17:30:00
3422,City,Trip Completed,2016 15:44:39
3613,Airport,Trip Completed,2016 18:47:13
4485,Airport,Trip Completed,2016 08:57:14
4929,City,Trip Completed,2016 18:24:42
5676,City,Trip Completed,2016 07:10:20
6590,City,Trip Completed,2016 21:33:54
1496,Airport,Trip Completed,2016 05:33:00
2589,City,Trip Completed,2016 21:47:00
3668,Airport,Trip Completed,2016 19:26:50
4978,City,Trip Completed,2016 18:42:23
5487,City,Trip Completed,2016 04:50:54
6270,City,Trip Completed,2016 18:08:33
884,Airport,Trip Completed,2016 18:03:00
1495,Airport,Trip Completed,2016 05:29:00
1782,Airport,Trip Completed,2016 08:58:00
1928,City,Trip Completed,2016 11:08:00
2195,Airport,Trip Completed,2016 17:44:00
4005,Airport,Trip Completed,2016 23:44:47
4759,Airport,Trip Completed,2016 15:23:51
4933,City,Trip Completed,2016 18:20:30
648,City,Trip Completed,2016 12:41:00
1171,City,Trip Completed,2016 20:49:00
1354,City,Trip Completed,2016 23:45:00
1901,Airport,Trip Completed,2016 10:29:00
2181,Airport,Trip Completed,2016 17:39:00
3051,City,Trip Completed,2016 07:42:07
3203,Airport,Trip Completed,2016 09:47:21
3843,City,Trip Completed,2016 21:22:27
5698,Airport,Trip Completed,2016 07:31:47
6653,City,Trip Completed,2016 22:13:11
271,Airport,Trip Completed,2016 06:53:00
1238,City,Trip Completed,2016 21:43:00
1802,Airport,Trip Completed,2016 09:11:00
3145,Airport,Trip Completed,2016 08:55:14
3336,Airport,Trip Completed,2016 12:37:22
3506,Airport,Trip Completed,2016 17:36:08
4325,City,Trip Completed,2016 07:10:09
6764,City,Trip Completed,2016 00:06:12
5421,Airport,Trip Completed,2016 02:08:39
6108,City,Trip Completed,2016 15:02:26
6379,City,Trip Completed,2016 19:16:21
656,Airport,Trip Completed,2016 12:57:00
715,City,Trip Completed,2016 14:40:00
1086,Airport,Trip Completed,2016 20:02:00
1504,Airport,Trip Completed,2016 05:37:00
1675,Airport,Trip Completed,2016 07:35:00
3041,Airport,Trip Completed,2016 07:40:16
4214,City,Trip Completed,2016 05:45:04
5915,City,Trip Completed,2016 10:00:27
6064,City,Trip Completed,2016 13:49:37
225,City,Trip Completed,2016 06:16:00
1163,City,Trip Completed,2016 20:47:00
2200,City,Trip Completed,2016 17:55:00
2382,Airport,Trip Completed,2016 19:41:00
2957,City,Trip Completed,2016 06:42:13
4626,City,Trip Completed,2016 11:10:13
5392,City,Trip Completed,2016 00:29:15
6114,City,Trip Completed,2016 15:13:06
481,City,Trip Completed,2016 09:27:00
739,Airport,Trip Completed,2016 15:36:00
834,City,Trip Completed,2016 17:40:00
1175,City,Trip Completed,2016 20:57:00
1425,Airport,Trip Completed,2016 04:19:00
2327,City,Trip Completed,2016 19:09:00
2535,Airport,Trip Completed,2016 21:18:00
2963,Airport,Trip Completed,2016 06:46:08
4535,City,Trip Completed,2016 09:37:03
5284,City,Trip Completed,2016 21:41:42
6491,City,Trip Completed,2016 20:33:06
222,Airport,Trip Completed,2016 06:20:00
720,Airport,Trip Completed,2016 14:51:00
1573,Airport,Trip Completed,2016 06:27:00
2070,Airport,Trip Completed,2016 15:18:00
3276,Airport,Trip Completed,2016 10:42:45
3795,City,Trip Completed,2016 20:50:24
4615,City,Trip Completed,2016 10:51:47
6301,City,Trip Completed,2016 18:23:00
338,City,Trip Completed,2016 07:50:00
661,Airport,Trip Completed,2016 12:54:00
1187,Airport,Trip Completed,2016 21:10:00
1510,Airport,Trip Completed,2016 05:42:00
1645,City,Trip Completed,2016 07:17:00
2356,City,Trip Completed,2016 19:33:00
3306,City,Trip Completed,2016 11:53:57
6700,City,Trip Completed,2016 22:49:53
198,Airport,Trip Completed,2016 06:03:00
513,Airport,Trip Completed,2016 09:39:00
727,Airport,Trip Completed,2016 15:07:00
1094,Airport,Trip Completed,2016 20:12:00
1508,Airport,Trip Completed,2016 05:48:00
2987,Airport,Trip Completed,2016 07:03:54
3485,City,Trip Completed,2016 17:28:59
4971,City,Trip Completed,2016 18:41:20
6617,City,Trip Completed,2016 21:52:03
1735,City,Trip Completed,2016 08:28:00
3311,City,Trip Completed,2016 11:54:15
3455,City,Trip Completed,2016 16:56:31
4009,Airport,Trip Completed,2016 23:50:07
5444,City,Trip Completed,2016 03:05:44
5700,Airport,Trip Completed,2016 07:35:57
5897,City,Trip Completed,2016 09:53:16
6573,City,Trip Completed,2016 21:14:11
515,Airport,Trip Completed,2016 09:45:00
697,City,Trip Completed,2016 13:56:00
2591,City,Trip Completed,2016 21:49:00
3009,Airport,Trip Completed,2016 07:21:23
3281,City,Trip Completed,2016 10:45:15
3323,Airport,Trip Completed,2016 12:29:10
3872,City,Trip Completed,2016 21:51:23
4288,City,Trip Completed,2016 06:35:37
5145,City,Trip Completed,2016 20:19:57
5586,City,Trip Completed,2016 05:56:46
6000,Airport,Trip Completed,2016 12:04:14
6488,City,Trip Completed,2016 20:24:57
6757,Airport,Trip Completed,2016 23:59:58
183,City,Trip Completed,2016 05:49:00
1210,Airport,Trip Completed,2016 21:24:00
1382,City,Trip Completed,2016 01:03:00
1899,City,Trip Completed,2016 10:26:00
3369,City,Trip Completed,2016 13:55:29
4498,City,Trip Completed,2016 09:08:30
5947,Airport,Trip Completed,2016 10:33:30
6141,Airport,Trip Completed,2016 15:53:16
382,City,Trip Completed,2016 08:17:00
2035,City,Trip Completed,2016 14:15:00
2762,Airport,Trip Completed,2016 03:55:54
2857,City,Trip Completed,2016 05:35:41
3236,City,Trip Completed,2016 10:08:03
5056,Airport,Trip Completed,2016 19:26:06
6221,City,Trip Completed,2016 17:35:58
329,Airport,Trip Completed,2016 07:42:00
465,City,Trip Completed,2016 09:15:00
650,City,Trip Completed,2016 12:42:00
900,Airport,Trip Completed,2016 18:13:00
1309,City,Trip Completed,2016 22:40:00
2340,Airport,Trip Completed,2016 19:16:00
4043,City,Trip Completed,2016 00:42:59
4264,City,Trip Completed,2016 06:15:08
4788,City,Trip Completed,2016 16:39:13
6046,City,Trip Completed,2016 13:20:59
6182,City,Trip Completed,2016 17:06:36
66,City,Trip Completed,2016 04:21:00
688,Airport,Trip Completed,2016 13:41:00
1924,City,Trip Completed,2016 11:02:00
2463,City,Trip Completed,2016 20:33:00
3679,Airport,Trip Completed,2016 19:30:32
4351,Airport,Trip Completed,2016 07:24:48
4699,City,Trip Completed,2016 13:10:12
5313,Airport,Trip Completed,2016 22:02:14
100,City,Trip Completed,2016 05:00:00
1129,Airport,Trip Completed,2016 20:27:00
2560,City,Trip Completed,2016 21:29:00
2662,Airport,Trip Completed,2016 23:22:00
2959,Airport,Trip Completed,2016 06:40:58
4747,City,Trip Completed,2016 15:10:47
5481,City,Trip Completed,2016 04:48:19
6089,City,Trip Completed,2016 14:36:44
1310,City,Trip Completed,2016 22:45:00
1497,City,Trip Completed,2016 05:34:00
3154,City,Trip Completed,2016 09:06:18
3263,Airport,Trip Completed,2016 10:21:25
4377,City,Trip Completed,2016 07:46:59
6158,Airport,Trip Completed,2016 16:34:16
6471,Airport,Trip Completed,2016 20:17:06
6719,City,Trip Completed,2016 23:17:35
663,Airport,Trip Completed,2016 12:58:00
1059,Airport,Trip Completed,2016 19:49:00
1279,City,Trip Completed,2016 22:11:00
2683,City,Trip Completed,2016 00:11:00
1940,Airport,Trip Completed,2016 11:20:00
3420,City,Trip Completed,2016 15:41:05
3905,City,Trip Completed,2016 22:06:13
4665,City,Trip Completed,2016 12:21:00
5970,City,Trip Completed,2016 11:03:10
6232,City,Trip Completed,2016 17:44:41
694,City,Trip Completed,2016 13:46:00
1515,City,Trip Completed,2016 05:45:00
1581,Airport,Trip Completed,2016 06:27:00
3006,City,Trip Completed,2016 07:14:14
3271,Airport,Trip Completed,2016 10:28:11
4879,Airport,Trip Completed,2016 17:49:21
5276,City,Trip Completed,2016 21:35:46
6658,Airport,Trip Completed,2016 22:15:02
394,Airport,Trip Completed,2016 08:22:00
1442,Airport,Trip Completed,2016 04:49:00
3274,Airport,Trip Completed,2016 10:36:59
5051,Airport,Trip Completed,2016 19:21:59
5345,Airport,Trip Completed,2016 22:43:48
6499,City,Trip Completed,2016 20:35:13
273,Airport,Trip Completed,2016 06:51:00
794,City,Trip Completed,2016 17:04:00
1044,City,Trip Completed,2016 19:35:00
1629,Airport,Trip Completed,2016 07:04:00
2050,Airport,Trip Completed,2016 14:50:00
2209,City,Trip Completed,2016 17:55:00
2953,City,Trip Completed,2016 06:39:32
3508,City,Trip Completed,2016 17:41:23
4674,City,Trip Completed,2016 12:37:09
5786,City,Trip Completed,2016 08:30:58
6017,Airport,Trip Completed,2016 12:38:02
6613,City,Trip Completed,2016 21:46:33
361,City,Trip Completed,2016 08:05:00
1101,City,Trip Completed,2016 20:07:00
1272,Airport,Trip Completed,2016 22:00:00
2106,City,Trip Completed,2016 16:14:00
2584,Airport,Trip Completed,2016 21:43:00
3305,City,Trip Completed,2016 11:53:29
4733,City,Trip Completed,2016 14:26:10
6124,Airport,Trip Completed,2016 15:30:45
751,Airport,Trip Completed,2016 16:00:00
992,City,Trip Completed,2016 19:00:00
1247,Airport,Trip Completed,2016 21:51:00
1465,City,Trip Completed,2016 04:59:00
1686,City,Trip Completed,2016 07:49:00
2642,City,Trip Completed,2016 22:33:00
2907,Airport,Trip Completed,2016 06:05:43
3408,City,Trip Completed,2016 15:27:17
4488,City,Trip Completed,2016 08:59:00
6470,City,Trip Completed,2016 20:17:05
5,Airport,Trip Completed,2016 00:36:00
374,Airport,Trip Completed,2016 08:10:00
721,City,Trip Completed,2016 14:56:00
1130,City,Trip Completed,2016 20:27:00
2449,Airport,Trip Completed,2016 20:26:00
3755,Airport,Trip Completed,2016 20:33:45
4521,City,Trip Completed,2016 09:15:54
4977,City,Trip Completed,2016 18:44:08
94,City,Trip Completed,2016 04:59:00
1197,City,Trip Completed,2016 21:11:00
1633,Airport,Trip Completed,2016 07:07:00
1930,City,Trip Completed,2016 11:14:00
6451,City,Trip Completed,2016 20:07:23
389,City,Trip Completed,2016 08:20:00
712,Airport,Trip Completed,2016 14:31:00
972,Airport,Trip Completed,2016 18:52:00
1811,City,Trip Completed,2016 09:14:00
2126,City,Trip Completed,2016 16:52:00
3383,City,Trip Completed,2016 14:26:01
3594,City,Trip Completed,2016 18:31:35
4337,City,Trip Completed,2016 07:10:55
4694,Airport,Trip Completed,2016 13:01:58
5891,Airport,Trip Completed,2016 09:37:46
6035,Airport,Trip Completed,2016 12:59:50
2604,City,Trip Completed,2016 22:05:00
2761,City,Trip Completed,2016 03:55:10
3496,Airport,Trip Completed,2016 17:37:32
4950,City,Trip Completed,2016 18:29:55
6762,Airport,Trip Completed,2016 00:07:29
5825,Airport,Trip Completed,2016 08:54:52
251,Airport,Trip Completed,2016 06:36:00
618,City,Trip Completed,2016 12:01:00
1595,Airport,Trip Completed,2016 06:34:00
2087,Airport,Trip Completed,2016 15:49:00
3334,Airport,Trip Completed,2016 12:35:31
3950,City,Trip Completed,2016 22:41:50
4378,City,Trip Completed,2016 07:36:48
4714,City,Trip Completed,2016 13:30:24
4777,City,Trip Completed,2016 16:21:08
5619,Airport,Trip Completed,2016 06:30:21
6649,Airport,Trip Completed,2016 22:07:56
596,City,Trip Completed,2016 11:30:00
910,Airport,Trip Completed,2016 18:21:00
1751,Airport,Trip Completed,2016 08:39:00
1952,City,Trip Completed,2016 11:30:00
2814,City,Trip Completed,2016 05:09:48
3425,City,Trip Completed,2016 15:52:00
4525,Airport,Trip Completed,2016 09:27:27
4661,City,Trip Completed,2016 12:20:51
5533,City,Trip Completed,2016 05:20:37
6101,City,Trip Completed,2016 14:52:02
95,Airport,Trip Completed,2016 04:54:00
944,City,Trip Completed,2016 18:35:00
1066,Airport,Trip Completed,2016 19:58:00
1592,City,Trip Completed,2016 06:37:00
2461,Airport,Trip Completed,2016 20:32:00
3039,Airport,Trip Completed,2016 07:34:49
3768,City,Trip Completed,2016 20:39:10
4277,City,Trip Completed,2016 06:22:48
4658,City,Trip Completed,2016 12:08:47
6111,City,Trip Completed,2016 15:03:22
559,City,Trip Completed,2016 10:14:00
860,City,Trip Completed,2016 17:56:00
1724,City,Trip Completed,2016 08:19:00
4409,City,Trip Completed,2016 08:10:55
5534,City,Trip Completed,2016 05:20:08
5908,Airport,Trip Completed,2016 09:56:21
597,Airport,Trip Completed,2016 11:30:00
1417,City,Trip Completed,2016 03:37:00
1714,Airport,Trip Completed,2016 08:14:00
1919,City,Trip Completed,2016 10:59:00
3256,Airport,Trip Completed,2016 10:08:03
5286,City,Trip Completed,2016 21:40:48
5526,City,Trip Completed,2016 05:19:00
5905,Airport,Trip Completed,2016 09:51:06
6231,Airport,Trip Completed,2016 17:45:25
258,Airport,Trip Completed,2016 06:36:00
723,City,Trip Completed,2016 15:03:00
930,City,Trip Completed,2016 18:27:00
1498,City,Trip Completed,2016 05:30:00
2553,Airport,Trip Completed,2016 21:23:00
3777,Airport,Trip Completed,2016 20:47:31
3914,City,Trip Completed,2016 22:09:53
4114,City,Trip Completed,2016 04:04:43
5703,Airport,Trip Completed,2016 07:27:53
5888,City,Trip Completed,2016 09:38:06
6042,Airport,Trip Completed,2016 13:09:43
6150,Airport,Trip Completed,2016 16:21:43
410,City,Trip Completed,2016 08:34:00
610,Airport,Trip Completed,2016 11:49:00
719,Airport,Trip Completed,2016 14:52:00
1060,City,Trip Completed,2016 19:50:00
1929,City,Trip Completed,2016 11:18:00
2101,City,Trip Completed,2016 16:10:00
2282,City,Trip Completed,2016 18:42:00
3190,City,Trip Completed,2016 09:28:16
3412,City,Trip Completed,2016 15:26:37
3725,City,Trip Completed,2016 20:00:58
4612,City,Trip Completed,2016 10:41:28
5033,Airport,Trip Completed,2016 19:16:11
5764,City,Trip Completed,2016 08:17:31
6750,Airport,Trip Completed,2016 23:51:42
314,Airport,Trip Completed,2016 07:28:00
757,Airport,Trip Completed,2016 16:01:00
2123,City,Trip Completed,2016 16:45:00
2824,City,Trip Completed,2016 05:10:28
3445,Airport,Trip Completed,2016 16:39:52
3690,Airport,Trip Completed,2016 19:43:33
5440,Airport,Trip Completed,2016 03:04:32
6090,Airport,Trip Completed,2016 14:31:47
303,Airport,Trip Completed,2016 07:19:00
560,Airport,Trip Completed,2016 10:16:00
1319,City,Trip Completed,2016 22:48:00
1493,Airport,Trip Completed,2016 05:28:00
1662,City,Trip Completed,2016 07:27:00
2020,City,Trip Completed,2016 13:40:00
2407,City,Trip Completed,2016 19:57:00
2818,Airport,Trip Completed,2016 05:05:59
3827,City,Trip Completed,2016 21:10:35
4421,City,Trip Completed,2016 08:16:58
5673,Airport,Trip Completed,2016 07:05:19
6372,Airport,Trip Completed,2016 19:09:35
6563,City,Trip Completed,2016 21:03:48
579,City,Trip Completed,2016 11:04:00
689,City,Trip Completed,2016 13:45:00
724,Airport,Trip Completed,2016 15:06:00
1499,City,Trip Completed,2016 05:30:00
3960,Airport,Trip Completed,2016 22:52:41
4919,Airport,Trip Completed,2016 18:16:47
6334,Airport,Trip Completed,2016 18:43:20
1577,Airport,Trip Completed,2016 06:22:00
2197,Airport,Trip Completed,2016 17:53:00
2509,City,Trip Completed,2016 21:01:00
3514,Airport,Trip Completed,2016 17:42:12
4588,City,Trip Completed,2016 10:01:28
5929,Airport,Trip Completed,2016 10:06:37
6335,City,Trip Completed,2016 18:45:58
375,Airport,Trip Completed,2016 08:07:00
555,City,Trip Completed,2016 10:16:00
622,Airport,Trip Completed,2016 12:01:00
1975,City,Trip Completed,2016 12:17:00
2831,Airport,Trip Completed,2016 05:22:17
3085,Airport,Trip Completed,2016 08:18:54
3418,City,Trip Completed,2016 15:37:16
3915,City,Trip Completed,2016 22:08:31
4443,Airport,Trip Completed,2016 08:29:44
5686,City,Trip Completed,2016 07:19:13
6120,Airport,Trip Completed,2016 15:21:39
6274,Airport,Trip Completed,2016 18:18:34
6364,City,Trip Completed,2016 19:11:18
89,City,Trip Completed,2016 04:52:00
805,Airport,Trip Completed,2016 17:19:00
2836,City,Trip Completed,2016 05:20:12
3298,City,Trip Completed,2016 11:44:06
5506,City,Trip Completed,2016 05:06:18
6159,City,Trip Completed,2016 16:35:35
6492,City,Trip Completed,2016 20:31:29
592,City,Trip Completed,2016 11:18:00
737,Airport,Trip Completed,2016 15:30:00
1108,City,Trip Completed,2016 20:11:00
1387,Airport,Trip Completed,2016 01:33:00
2311,Airport,Trip Completed,2016 19:00:00
2887,City,Trip Completed,2016 05:50:50
3283,City,Trip Completed,2016 10:51:27
4341,City,Trip Completed,2016 07:14:10
5025,Airport,Trip Completed,2016 19:05:58
5437,Airport,Trip Completed,2016 02:59:50
5652,City,Trip Completed,2016 06:56:07
672,Airport,Trip Completed,2016 13:20:00
1578,Airport,Trip Completed,2016 06:25:00
4506,City,Trip Completed,2016 09:09:42
4762,City,Trip Completed,2016 15:22:12
6081,City,Trip Completed,2016 14:22:48
6503,City,Trip Completed,2016 20:30:34
649,City,Trip Completed,2016 12:42:00
1040,City,Trip Completed,2016 19:33:00
1461,Airport,Trip Completed,2016 04:58:00
2497,City,Trip Completed,2016 20:57:00
2758,City,Trip Completed,2016 03:48:21
2991,Airport,Trip Completed,2016 07:07:29
3458,City,Trip Completed,2016 17:04:29
3830,Airport,Trip Completed,2016 21:14:26
6685,Airport,Trip Completed,2016 22:34:55
420,City,Trip Completed,2016 08:37:00
662,City,Trip Completed,2016 12:58:00
791,Airport,Trip Completed,2016 16:55:00
1164,City,Trip Completed,2016 20:50:00
2939,City,Trip Completed,2016 06:25:15
3867,City,Trip Completed,2016 21:45:14
4290,City,Trip Completed,2016 06:36:01
4400,Airport,Trip Completed,2016 08:01:59
5100,Airport,Trip Completed,2016 19:58:08
5956,City,Trip Completed,2016 10:41:34
6701,City,Trip Completed,2016 22:55:07
1,Airport,Trip Completed,2016 00:20:00
1923,City,Trip Completed,2016 11:00:00
3804,Airport,Trip Completed,2016 21:00:54
4876,Airport,Trip Completed,2016 17:46:11
5428,Airport,Trip Completed,2016 02:28:34
6452,City,Trip Completed,2016 20:07:33
6703,City,Trip Completed,2016 22:51:55
116,Airport,Trip Completed,2016 05:07:00
761,Airport,Trip Completed,2016 16:11:00
932,City,Trip Completed,2016 18:28:00
1217,City,Trip Completed,2016 21:23:00
1617,Airport,Trip Completed,2016 06:53:00
1849,Airport,Trip Completed,2016 09:42:00
2055,City,Trip Completed,2016 14:54:00
2841,Airport,Trip Completed,2016 05:23:09
5983,City,Trip Completed,2016 11:41:07
6016,Airport,Trip Completed,2016 12:31:42
845,City,Trip Completed,2016 17:41:00
1832,Airport,Trip Completed,2016 09:36:00
2740,Airport,Trip Completed,2016 02:57:40
3622,Airport,Trip Completed,2016 18:57:45
3979,City,Trip Completed,2016 23:16:27
5749,Airport,Trip Completed,2016 07:59:14
6633,City,Trip Completed,2016 21:57:56
1301,Airport,Trip Completed,2016 22:30:00
2203,City,Trip Completed,2016 17:53:00
2569,City,Trip Completed,2016 21:37:00
3621,Airport,Trip Completed,2016 18:56:20
4051,City,Trip Completed,2016 01:09:39
4831,City,Trip Completed,2016 17:25:26
158,City,Trip Completed,2016 05:35:00
1290,City,Trip Completed,2016 22:23:00
2441,City,Trip Completed,2016 20:23:00
3681,Airport,Trip Completed,2016 19:31:38
4511,Airport,Trip Completed,2016 09:10:51
4684,City,Trip Completed,2016 12:53:03
5606,City,Trip Completed,2016 06:09:26
5708,Airport,Trip Completed,2016 07:35:03
5960,Airport,Trip Completed,2016 10:52:02
6014,City,Trip Completed,2016 12:31:09
6193,City,Trip Completed,2016 17:19:42
6635,City,Trip Completed,2016 22:01:09
82,Airport,Trip Completed,2016 04:47:00
2518,Airport,Trip Completed,2016 21:07:00
2644,City,Trip Completed,2016 22:39:00
3280,Airport,Trip Completed,2016 10:43:30
3486,City,Trip Completed,2016 17:23:53
5297,City,Trip Completed,2016 21:51:46
5802,City,Trip Completed,2016 08:43:21
6675,City,Trip Completed,2016 22:21:38
2025,City,Trip Completed,2016 13:56:00
2270,City,Trip Completed,2016 18:28:00
3701,Airport,Trip Completed,2016 19:46:35
4618,City,Trip Completed,2016 11:02:05
4909,Airport,Trip Completed,2016 18:03:53
5578,City,Trip Completed,2016 05:48:03
6404,Airport,Trip Completed,2016 19:24:59
6623,City,Trip Completed,2016 21:51:36
6738,Airport,Trip Completed,2016 23:45:13
497,City,Trip Completed,2016 09:33:00
1071,Airport,Trip Completed,2016 19:58:00
1709,City,Trip Completed,2016 08:09:00
2348,City,Trip Completed,2016 19:21:00
3342,Airport,Trip Completed,2016 12:51:13
1008,Airport,Trip Completed,2016 19:05:00
2430,City,Trip Completed,2016 20:12:00
3352,City,Trip Completed,2016 13:26:29
3748,City,Trip Completed,2016 20:23:33
5687,City,Trip Completed,2016 07:15:09
6724,Airport,Trip Completed,2016 23:20:36
152,City,Trip Completed,2016 05:29:00
1207,Airport,Trip Completed,2016 21:23:00
1377,Airport,Trip Completed,2016 00:54:00
1606,Airport,Trip Completed,2016 06:45:00
1920,City,Trip Completed,2016 10:56:00
2856,Airport,Trip Completed,2016 05:34:59
3277,City,Trip Completed,2016 10:41:55
4501,City,Trip Completed,2016 09:01:27
5194,City,Trip Completed,2016 20:42:51
5519,Airport,Trip Completed,2016 05:11:57
6509,City,Trip Completed,2016 20:32:52
476,City,Trip Completed,2016 09:24:00
1052,Airport,Trip Completed,2016 19:42:00
1743,Airport,Trip Completed,2016 08:28:00
3157,Airport,Trip Completed,2016 09:02:47
5255,Airport,Trip Completed,2016 21:19:45
6475,City,Trip Completed,2016 20:20:10
477,City,Trip Completed,2016 09:28:00
643,City,Trip Completed,2016 12:35:00
1152,Airport,Trip Completed,2016 20:39:00
1333,City,Trip Completed,2016 23:17:00
1659,City,Trip Completed,2016 07:24:00
2657,Airport,Trip Completed,2016 23:11:00
2898,Airport,Trip Completed,2016 06:01:11
3852,Airport,Trip Completed,2016 21:38:20
5342,City,Trip Completed,2016 22:38:38
5634,Airport,Trip Completed,2016 06:44:16
30,Airport,Trip Completed,2016 02:04:00
195,City,Trip Completed,2016 06:05:00
993,City,Trip Completed,2016 19:00:00
1774,Airport,Trip Completed,2016 08:53:00
2648,City,Trip Completed,2016 22:50:00
2979,Airport,Trip Completed,2016 06:58:03
3676,City,Trip Completed,2016 19:28:20
4041,Airport,Trip Completed,2016 00:38:29
4147,Airport,Trip Completed,2016 04:54:07
4859,Airport,Trip Completed,2016 17:34:16
6067,Airport,Trip Completed,2016 13:55:13
1690,Airport,Trip Completed,2016 07:52:00
2404,Airport,Trip Completed,2016 20:00:00
3313,City,Trip Completed,2016 12:01:34
3559,City,Trip Completed,2016 18:16:19
4018,Airport,Trip Completed,2016 23:57:31
4121,Airport,Trip Completed,2016 04:29:45
4224,City,Trip Completed,2016 05:49:16
4810,City,Trip Completed,2016 17:16:21
5295,City,Trip Completed,2016 21:48:59
5381,Airport,Trip Completed,2016 23:56:41
6271,City,Trip Completed,2016 18:14:56
1244,City,Trip Completed,2016 21:38:00
2249,City,Trip Completed,2016 18:24:00
3045,Airport,Trip Completed,2016 07:39:52
3817,Airport,Trip Completed,2016 21:12:43
4481,City,Trip Completed,2016 08:46:30
5160,City,Trip Completed,2016 20:28:32
6304,City,Trip Completed,2016 18:31:31
1315,Airport,Trip Completed,2016 22:54:00
2924,City,Trip Completed,2016 06:31:22
3324,Airport,Trip Completed,2016 12:33:21
3935,Airport,Trip Completed,2016 22:26:08
5844,Airport,Trip Completed,2016 09:07:09
2905,City,Cancelled,2016 06:08:41
4805,City,Cancelled,2016 17:07:58
5202,Airport,Cancelled,2016 20:51:37
5927,City,Cancelled,2016 10:12:40
2347,Airport,Cancelled,2016 19:14:00
3806,Airport,Cancelled,2016 20:57:49
4451,City,Cancelled,2016 08:38:38
5023,Airport,Cancelled,2016 19:04:08
80,City,Cancelled,2016 04:47:00
534,City,Cancelled,2016 10:01:00
1867,Airport,Cancelled,2016 09:59:00
4383,City,Cancelled,2016 07:48:31
748,City,Cancelled,2016 15:49:00
1254,Airport,Cancelled,2016 21:53:00
3807,Airport,Cancelled,2016 20:58:00
4280,City,Cancelled,2016 06:33:09
4533,City,Cancelled,2016 09:31:08
3230,City,Cancelled,2016 10:01:57
4296,City,Cancelled,2016 06:39:26
3059,City,Cancelled,2016 07:56:25
5547,City,Cancelled,2016 05:30:31
5699,City,Cancelled,2016 07:25:53
5701,City,Cancelled,2016 07:34:00
247,City,Cancelled,2016 06:33:00
2582,Airport,Cancelled,2016 21:42:00
3184,City,Cancelled,2016 09:21:36
1687,City,Cancelled,2016 07:51:00
4174,City,Cancelled,2016 05:19:59
4335,City,Cancelled,2016 07:13:52
150,City,Cancelled,2016 05:24:00
233,City,Cancelled,2016 06:27:00
1880,City,Cancelled,2016 10:01:00
2986,City,Cancelled,2016 07:04:48
3549,City,Cancelled,2016 18:03:30
4463,City,Cancelled,2016 08:43:07
4178,City,Cancelled,2016 05:22:51
4599,City,Cancelled,2016 10:08:43
4667,Airport,Cancelled,2016 12:23:07
570,City,Cancelled,2016 10:36:00
1691,City,Cancelled,2016 07:54:00
3499,City,Cancelled,2016 17:46:24
4467,City,Cancelled,2016 08:42:11
2799,City,Cancelled,2016 04:59:16
3822,Airport,Cancelled,2016 21:10:52
4456,City,Cancelled,2016 08:32:41
4685,Airport,Cancelled,2016 13:00:39
306,City,Cancelled,2016 07:20:00
2888,City,Cancelled,2016 05:57:46
92,City,Cancelled,2016 04:53:00
3138,City,Cancelled,2016 08:50:25
3810,City,Cancelled,2016 21:06:22
4580,City,Cancelled,2016 09:59:40
5784,City,Cancelled,2016 08:34:59
1648,City,Cancelled,2016 07:20:00
2883,City,Cancelled,2016 05:54:41
4272,City,Cancelled,2016 06:23:43
5621,City,Cancelled,2016 06:28:59
5696,City,Cancelled,2016 07:32:18
5662,City,Cancelled,2016 07:04:59
1894,Airport,Cancelled,2016 10:19:00
2854,City,Cancelled,2016 05:37:28
4968,City,Cancelled,2016 18:40:44
352,City,Cancelled,2016 07:54:00
1841,City,Cancelled,2016 09:41:00
1885,City,Cancelled,2016 10:04:00
3170,City,Cancelled,2016 09:09:56
4586,City,Cancelled,2016 10:09:44
5208,Airport,Cancelled,2016 20:55:57
5472,City,Cancelled,2016 04:49:38
96,City,Cancelled,2016 04:58:00
132,City,Cancelled,2016 05:15:00
2899,City,Cancelled,2016 05:59:57
3166,City,Cancelled,2016 09:09:08
232,City,Cancelled,2016 06:26:00
275,City,Cancelled,2016 07:00:00
554,City,Cancelled,2016 10:13:00
4326,City,Cancelled,2016 07:08:58
5723,City,Cancelled,2016 07:44:45
1462,Airport,Cancelled,2016 05:01:00
196,Airport,Cancelled,2016 06:07:00
236,City,Cancelled,2016 06:32:00
1502,City,Cancelled,2016 05:37:00
1615,City,Cancelled,2016 06:52:00
3079,City,Cancelled,2016 08:13:10
6249,Airport,Cancelled,2016 17:55:33
1794,City,Cancelled,2016 09:03:00
4546,City,Cancelled,2016 09:34:22
2913,City,Cancelled,2016 06:15:34
276,City,Cancelled,2016 06:52:00
1613,City,Cancelled,2016 06:47:00
3150,City,Cancelled,2016 08:59:46
3217,City,Cancelled,2016 09:48:01
4523,City,Cancelled,2016 09:22:12
4593,City,Cancelled,2016 10:09:46
5476,Airport,Cancelled,2016 04:45:54
5477,City,Cancelled,2016 04:48:51
5846,City,Cancelled,2016 09:05:17
1539,City,Cancelled,2016 06:04:00
1770,City,Cancelled,2016 08:50:00
1921,City,Cancelled,2016 10:58:00
3073,City,Cancelled,2016 08:01:01
4795,Airport,Cancelled,2016 16:55:27
2079,Airport,Cancelled,2016 15:43:00
3179,City,Cancelled,2016 09:16:05
5872,City,Cancelled,2016 09:20:22
218,City,Cancelled,2016 06:14:00
840,Airport,Cancelled,2016 17:41:00
1642,City,Cancelled,2016 07:17:00
3307,City,Cancelled,2016 12:02:50
1475,City,Cancelled,2016 05:12:00
2179,Airport,Cancelled,2016 17:36:00
3080,City,Cancelled,2016 08:11:13
3771,Airport,Cancelled,2016 20:42:07
5847,Airport,Cancelled,2016 09:05:38
5875,City,Cancelled,2016 09:22:33
400,City,Cancelled,2016 08:29:00
2146,Airport,Cancelled,2016 17:21:00
2942,City,Cancelled,2016 06:37:29
4418,City,Cancelled,2016 08:18:30
2305,City,Cancelled,2016 18:56:00
5637,City,Cancelled,2016 06:44:12
5838,City,Cancelled,2016 09:02:38
457,City,Cancelled,2016 09:17:00
511,City,Cancelled,2016 09:40:00
4146,City,Cancelled,2016 04:52:26
4242,City,Cancelled,2016 06:03:16
4470,City,Cancelled,2016 08:47:12
2530,City,Cancelled,2016 21:07:00
2596,City,Cancelled,2016 21:53:00
5754,City,Cancelled,2016 08:05:15
200,City,Cancelled,2016 06:10:00
1531,City,Cancelled,2016 05:54:00
5715,City,Cancelled,2016 07:42:16
3130,City,Cancelled,2016 08:43:10
4133,City,Cancelled,2016 04:45:57
4419,City,Cancelled,2016 08:17:14
4547,City,Cancelled,2016 09:39:53
5613,City,Cancelled,2016 06:17:34
572,Airport,Cancelled,2016 10:48:00
1566,City,Cancelled,2016 06:22:00
2266,Airport,Cancelled,2016 18:33:00
4390,City,Cancelled,2016 08:01:16
4545,City,Cancelled,2016 09:43:35
4572,City,Cancelled,2016 09:52:32
1649,City,Cancelled,2016 07:24:00
3008,City,Cancelled,2016 07:23:01
4480,City,Cancelled,2016 08:46:34
5713,City,Cancelled,2016 07:43:27
5866,City,Cancelled,2016 09:19:04
5945,Airport,Cancelled,2016 10:27:59
126,City,Cancelled,2016 05:05:00
436,City,Cancelled,2016 08:55:00
1620,City,Cancelled,2016 06:55:00
2206,City,Cancelled,2016 17:55:00
3221,City,Cancelled,2016 09:55:14
5583,City,Cancelled,2016 05:58:15
2131,City,Cancelled,2016 17:04:00
401,City,Cancelled,2016 08:27:00
461,City,Cancelled,2016 09:15:00
2946,City,Cancelled,2016 06:34:48
289,City,Cancelled,2016 07:09:00
1303,City,Cancelled,2016 22:27:00
1817,City,Cancelled,2016 09:29:00
2970,City,Cancelled,2016 06:56:12
4519,City,Cancelled,2016 09:23:01
5830,City,Cancelled,2016 08:55:31
5880,City,Cancelled,2016 09:38:50
1520,City,Cancelled,2016 05:42:00
1789,City,Cancelled,2016 09:10:00
2484,Airport,Cancelled,2016 20:41:00
4312,City,Cancelled,2016 06:49:09
4363,City,Cancelled,2016 07:29:23
5716,City,Cancelled,2016 07:37:00
5775,City,Cancelled,2016 08:24:01
424,City,Cancelled,2016 08:47:00
377,City,Cancelled,2016 08:11:00
454,City,Cancelled,2016 09:10:00
1603,City,Cancelled,2016 06:41:00
5300,Airport,Cancelled,2016 21:52:23
6560,City,Cancelled,2016 21:05:03
2526,Airport,Cancelled,2016 21:06:00
2926,City,Cancelled,2016 06:27:38
141,City,Cancelled,2016 05:20:00
491,City,Cancelled,2016 09:29:00
1875,City,Cancelled,2016 10:02:00
4906,City,Cancelled,2016 18:03:24
209,City,Cancelled,2016 06:11:00
278,City,Cancelled,2016 06:55:00
1381,City,Cancelled,2016 01:07:00
5473,City,Cancelled,2016 04:44:00
5479,City,Cancelled,2016 04:50:42
6228,City,Cancelled,2016 17:43:28
2940,City,Cancelled,2016 06:35:21
5780,City,Cancelled,2016 08:29:04
1781,City,Cancelled,2016 09:01:00
1787,City,Cancelled,2016 09:08:00
2423,Airport,Cancelled,2016 20:05:00
4148,City,Cancelled,2016 04:57:22
411,City,Cancelled,2016 08:37:00
3727,Airport,Cancelled,2016 20:05:22
4847,City,Cancelled,2016 17:37:48
216,City,Cancelled,2016 06:13:00
1898,City,Cancelled,2016 10:27:00
2077,City,Cancelled,2016 15:40:00
2486,Airport,Cancelled,2016 20:50:00
2809,City,Cancelled,2016 05:05:12
2900,City,Cancelled,2016 06:01:55
3022,City,Cancelled,2016 07:34:14
3211,City,Cancelled,2016 09:48:34
4356,City,Cancelled,2016 07:23:36
6208,City,Cancelled,2016 17:27:11
6571,City,Cancelled,2016 21:16:46
237,City,Cancelled,2016 06:29:00
4328,City,Cancelled,2016 07:07:46
4757,Airport,Cancelled,2016 15:30:06
323,City,Cancelled,2016 07:36:00
421,City,Cancelled,2016 08:43:00
1458,City,Cancelled,2016 04:52:00
3920,City,Cancelled,2016 22:16:51
4401,City,Cancelled,2016 08:03:39
1034,Airport,Cancelled,2016 19:27:00
1543,City,Cancelled,2016 06:02:00
2909,City,Cancelled,2016 06:10:59
3015,City,Cancelled,2016 07:34:01
4165,City,Cancelled,2016 05:07:32
5410,City,Cancelled,2016 01:45:43
328,City,Cancelled,2016 07:33:00
580,City,Cancelled,2016 10:59:00
4357,City,Cancelled,2016 07:31:35
4560,City,Cancelled,2016 09:48:36
5647,City,Cancelled,2016 06:51:10
5704,City,Cancelled,2016 07:33:52
2855,City,Cancelled,2016 05:35:47
5565,City,Cancelled,2016 05:45:17
235,City,Cancelled,2016 06:22:00
2109,Airport,Cancelled,2016 16:20:00
4230,City,Cancelled,2016 05:50:10
111,City,Cancelled,2016 05:06:00
168,City,Cancelled,2016 05:37:00
187,City,Cancelled,2016 05:57:00
1492,City,Cancelled,2016 05:30:00
2992,City,Cancelled,2016 07:11:45
3433,Airport,Cancelled,2016 16:01:28
5536,City,Cancelled,2016 05:31:14
474,City,Cancelled,2016 09:24:00
1722,City,Cancelled,2016 08:17:00
2978,City,Cancelled,2016 06:54:58
2983,City,Cancelled,2016 07:08:36
3866,Airport,Cancelled,2016 21:40:55
4491,City,Cancelled,2016 08:56:21
4603,Airport,Cancelled,2016 10:22:45
1325,City,Cancelled,2016 23:06:00
3450,Airport,Cancelled,2016 16:49:15
4329,City,Cancelled,2016 07:08:40
1723,City,Cancelled,2016 08:18:00
3261,Airport,Cancelled,2016 10:20:35
3309,City,Cancelled,2016 11:59:21
3666,City,Cancelled,2016 19:25:29
6129,Airport,Cancelled,2016 15:36:17
1513,City,Cancelled,2016 05:44:00
2011,City,Cancelled,2016 13:30:00
2931,City,Cancelled,2016 06:31:03
6397,City,Cancelled,2016 19:29:17
176,City,Cancelled,2016 05:42:00
3180,City,Cancelled,2016 09:23:48
3238,City,Cancelled,2016 10:04:18
4360,City,Cancelled,2016 07:30:30
6717,City,Cancelled,2016 23:12:21
386,City,Cancelled,2016 08:29:00
528,City,Cancelled,2016 09:50:00
2556,Airport,Cancelled,2016 21:24:00
3286,City,Cancelled,2016 11:10:46
5805,City,Cancelled,2016 08:36:49
5911,City,Cancelled,2016 09:53:55
245,City,Cancelled,2016 06:33:00
1532,City,Cancelled,2016 05:54:00
3161,City,Cancelled,2016 09:05:57
3523,Airport,Cancelled,2016 17:47:46
4278,City,Cancelled,2016 06:26:10
5835,City,Cancelled,2016 08:53:49
99,City,Cancelled,2016 05:00:00
162,City,Cancelled,2016 05:34:00
307,City,Cancelled,2016 07:20:00
1767,City,Cancelled,2016 08:46:00
5502,City,Cancelled,2016 05:03:26
5644,City,Cancelled,2016 06:50:34
5736,City,Cancelled,2016 07:50:43
3808,Airport,Cancelled,2016 20:58:40
5831,City,Cancelled,2016 08:56:04
5980,City,Cancelled,2016 11:39:58
353,City,Cancelled,2016 07:55:00
397,City,Cancelled,2016 08:23:00
1843,City,Cancelled,2016 09:39:00
2019,City,Cancelled,2016 13:46:00
1732,City,Cancelled,2016 08:19:00
1984,City,Cancelled,2016 12:30:00
5886,City,Cancelled,2016 09:33:07
6098,Airport,Cancelled,2016 14:40:08
2048,Airport,Cancelled,2016 14:40:00
2844,Airport,Cancelled,2016 05:28:12
1426,City,Cancelled,2016 04:24:00
2969,City,Cancelled,2016 06:52:10
5584,City,Cancelled,2016 05:53:54
1704,City,Cancelled,2016 07:59:00
3399,City,Cancelled,2016 15:05:30
4298,City,Cancelled,2016 06:40:29
4019,City,Cancelled,2016 00:00:24
3197,City,Cancelled,2016 09:44:52
4166,City,Cancelled,2016 05:10:41
4238,City,Cancelled,2016 05:54:41
5894,City,Cancelled,2016 09:46:14
6647,City,Cancelled,2016 22:02:02
210,City,Cancelled,2016 06:12:00
403,City,Cancelled,2016 08:35:00
568,Airport,Cancelled,2016 10:23:00
856,City,Cancelled,2016 17:47:00
1757,City,Cancelled,2016 08:38:00
2842,City,Cancelled,2016 05:17:08
3147,City,Cancelled,2016 08:55:48
4497,City,Cancelled,2016 08:59:45
4770,City,Cancelled,2016 15:52:41
5493,City,Cancelled,2016 05:01:35
5540,City,Cancelled,2016 05:27:47
2003,Airport,Cancelled,2016 13:19:00
4179,City,Cancelled,2016 05:27:26
4561,City,Cancelled,2016 09:43:37
5806,Airport,Cancelled,2016 08:46:33
1881,City,Cancelled,2016 10:04:00
3235,City,Cancelled,2016 10:01:02
5604,City,Cancelled,2016 06:08:30
1557,City,Cancelled,2016 06:17:00
1661,City,Cancelled,2016 07:30:00
2022,City,Cancelled,2016 13:45:00
3188,City,Cancelled,2016 09:34:22
5655,City,Cancelled,2016 06:59:47
5903,City,Cancelled,2016 09:58:03
6209,Airport,Cancelled,2016 17:32:54
536,City,Cancelled,2016 09:59:00
1134,Airport,Cancelled,2016 20:33:00
1604,City,Cancelled,2016 06:37:00
1653,City,Cancelled,2016 07:27:00
1695,City,Cancelled,2016 07:57:00
2750,City,Cancelled,2016 03:24:24
2884,City,Cancelled,2016 05:54:44
3191,City,Cancelled,2016 09:32:18
3193,City,Cancelled,2016 09:33:21
3524,City,Cancelled,2016 17:51:15
4294,City,Cancelled,2016 06:40:54
4484,City,Cancelled,2016 08:55:30
324,City,Cancelled,2016 07:40:00
3351,Airport,Cancelled,2016 13:20:21
4195,City,Cancelled,2016 05:28:28
5685,City,Cancelled,2016 07:17:02
2889,City,Cancelled,2016 05:55:36
4301,City,Cancelled,2016 06:46:41
1294,City,Cancelled,2016 22:26:00
5935,City,Cancelled,2016 10:13:46
428,City,Cancelled,2016 08:48:00
450,City,Cancelled,2016 09:11:00
4510,City,Cancelled,2016 09:07:46
432,City,Cancelled,2016 08:52:00
2491,Airport,Cancelled,2016 20:55:00
5569,City,Cancelled,2016 05:41:45
5671,City,Cancelled,2016 07:05:11
6374,City,Cancelled,2016 19:10:02
4464,City,Cancelled,2016 08:42:46
5609,City,Cancelled,2016 06:15:40
5848,City,Cancelled,2016 09:04:50
543,City,Cancelled,2016 10:03:00
2828,City,Cancelled,2016 05:20:11
2993,City,Cancelled,2016 07:05:55
3018,Airport,Cancelled,2016 07:27:44
4155,City,Cancelled,2016 05:06:35
2552,City,Cancelled,2016 21:23:00
3430,Airport,Cancelled,2016 16:01:54
4167,City,Cancelled,2016 05:13:45
5508,City,Cancelled,2016 05:04:48
5729,City,Cancelled,2016 07:49:27
202,City,Cancelled,2016 06:09:00
341,City,Cancelled,2016 07:46:00
3049,City,Cancelled,2016 07:43:49
6323,Airport,Cancelled,2016 18:39:39
6462,City,Cancelled,2016 20:11:36
3242,City,Cancelled,2016 10:08:10
4499,City,Cancelled,2016 09:01:54
3182,City,Cancelled,2016 09:24:57
4173,City,Cancelled,2016 05:08:03
4189,City,Cancelled,2016 05:25:55
6390,Airport,Cancelled,2016 19:19:26
1231,City,Cancelled,2016 21:34:00
1589,City,Cancelled,2016 06:35:00
1815,City,Cancelled,2016 09:20:00
5678,City,Cancelled,2016 07:09:12
239,City,Cancelled,2016 06:25:00
551,City,Cancelled,2016 10:10:00
2097,Airport,Cancelled,2016 16:03:00
2613,Airport,Cancelled,2016 22:06:00
5497,City,Cancelled,2016 05:00:30
5668,City,Cancelled,2016 07:06:58
482,City,Cancelled,2016 09:25:00
544,City,Cancelled,2016 10:07:00
1227,Airport,Cancelled,2016 21:32:00
1489,City,Cancelled,2016 05:21:00
2588,Airport,Cancelled,2016 21:45:00
3152,City,Cancelled,2016 08:57:47
5853,City,Cancelled,2016 09:10:12
2933,City,Cancelled,2016 06:26:18
5543,City,Cancelled,2016 05:30:53
1356,City,Cancelled,2016 23:42:00
1403,City,Cancelled,2016 02:39:00
2459,Airport,Cancelled,2016 20:30:00
3023,City,Cancelled,2016 07:27:40
4444,City,Cancelled,2016 08:28:21
1733,City,Cancelled,2016 08:23:00
1937,Airport,Cancelled,2016 11:26:00
5614,City,Cancelled,2016 06:14:39
5718,City,Cancelled,2016 07:39:12
334,City,Cancelled,2016 07:40:00
1107,City,Cancelled,2016 20:14:00
3033,City,Cancelled,2016 07:35:16
3099,City,Cancelled,2016 08:22:13
4302,City,Cancelled,2016 06:48:59
4829,City,Cancelled,2016 17:25:49
5854,Airport,Cancelled,2016 09:09:32
427,City,Cancelled,2016 08:48:00
852,Airport,Cancelled,2016 17:48:00
1931,City,Cancelled,2016 11:13:00
3292,Airport,Cancelled,2016 11:18:55
5154,Airport,Cancelled,2016 20:19:26
5627,City,Cancelled,2016 06:34:09
5751,City,Cancelled,2016 08:03:01
308,City,Cancelled,2016 07:22:00
2890,City,Cancelled,2016 05:55:20
4245,City,Cancelled,2016 05:58:24
4423,City,Cancelled,2016 08:18:46
212,City,Cancelled,2016 06:09:00
3034,City,Cancelled,2016 07:39:44
6669,City,Cancelled,2016 22:12:00
252,City,Cancelled,2016 06:36:00
391,City,Cancelled,2016 08:24:00
412,City,Cancelled,2016 08:37:00
5709,City,Cancelled,2016 07:44:55
6300,Airport,Cancelled,2016 18:20:30
381,City,Cancelled,2016 08:16:00
3030,City,Cancelled,2016 07:32:06
3671,Airport,Cancelled,2016 19:28:05
4186,City,Cancelled,2016 05:24:34
4281,City,Cancelled,2016 06:23:20
1864,City,Cancelled,2016 09:54:00
2073,City,Cancelled,2016 15:27:00
3113,City,Cancelled,2016 08:36:12
4885,City,Cancelled,2016 17:56:19
326,City,Cancelled,2016 07:33:00
1401,City,Cancelled,2016 02:42:00
2792,City,Cancelled,2016 04:58:06
149,City,Cancelled,2016 05:29:00
368,City,Cancelled,2016 08:06:00
1927,City,Cancelled,2016 11:08:00
2068,Airport,Cancelled,2016 15:13:00
2396,Airport,Cancelled,2016 19:52:00
4890,City,Cancelled,2016 17:55:51
2117,City,Cancelled,2016 16:33:00
2780,City,Cancelled,2016 04:43:32
4863,Airport,Cancelled,2016 17:40:14
5782,City,Cancelled,2016 08:35:31
188,City,Cancelled,2016 05:54:00
1699,City,Cancelled,2016 08:02:00
3043,City,Cancelled,2016 07:42:32
3818,Airport,Cancelled,2016 21:06:59
4187,City,Cancelled,2016 05:27:38
4381,City,Cancelled,2016 07:45:41
4530,City,Cancelled,2016 09:33:37
4774,Airport,Cancelled,2016 15:59:04
5423,City,Cancelled,2016 02:11:10
4011,City,Cancelled,2016 23:45:26
4556,City,Cancelled,2016 09:40:49
354,City,Cancelled,2016 07:59:00
1618,City,Cancelled,2016 06:52:00
3019,City,Cancelled,2016 07:25:48
5469,City,Cancelled,2016 04:42:55
5731,City,Cancelled,2016 07:47:32
5839,City,Cancelled,2016 08:57:28
1660,City,Cancelled,2016 07:26:00
3146,City,Cancelled,2016 08:56:49
174,Airport,Cancelled,2016 05:44:00
321,City,Cancelled,2016 07:30:00
2973,City,Cancelled,2016 06:57:56
5691,City,Cancelled,2016 07:26:32
5748,City,Cancelled,2016 07:57:58
404,City,Cancelled,2016 08:39:00
2474,Airport,Cancelled,2016 20:35:00
4374,City,Cancelled,2016 07:35:39
4461,City,Cancelled,2016 08:36:56
4731,City,Cancelled,2016 14:09:23
5798,City,Cancelled,2016 08:40:38
3849,City,Cancelled,2016 21:36:47
5763,City,Cancelled,2016 08:20:33
5815,City,Cancelled,2016 08:47:14
5826,City,Cancelled,2016 08:50:52
3782,City,Cancelled,2016 20:45:49
4630,City,Cancelled,2016 11:17:20
437,City,Cancelled,2016 08:59:00
122,City,Cancelled,2016 05:14:00
4487,City,Cancelled,2016 08:53:59
5551,City,Cancelled,2016 05:30:17
2927,City,Cancelled,2016 06:19:51
3176,City,Cancelled,2016 09:10:16
3253,City,Cancelled,2016 10:19:32
6759,City,Cancelled,2016 23:59:29
848,Airport,Cancelled,2016 17:44:00
1674,City,Cancelled,2016 07:47:00
3159,City,Cancelled,2016 09:11:22
3208,City,Cancelled,2016 09:45:21
2803,City,Cancelled,2016 04:58:21
3232,Airport,Cancelled,2016 10:02:13
4271,City,Cancelled,2016 06:13:47
5591,City,Cancelled,2016 05:58:18
549,City,Cancelled,2016 10:04:00
1776,Airport,Cancelled,2016 09:02:00
2910,City,Cancelled,2016 06:12:30
492,City,Cancelled,2016 09:32:00
963,Airport,Cancelled,2016 18:44:00
1505,City,Cancelled,2016 05:39:00
2923,City,Cancelled,2016 06:23:23
4396,City,Cancelled,2016 07:55:58
5639,City,Cancelled,2016 06:44:03
6348,Airport,Cancelled,2016 18:50:59
253,City,Cancelled,2016 06:43:00
379,City,Cancelled,2016 08:18:00
463,City,Cancelled,2016 09:12:00
1848,City,Cancelled,2016 09:41:00
2897,City,Cancelled,2016 06:00:28
6398,Airport,Cancelled,2016 19:23:51
229,City,Cancelled,2016 06:23:00
1683,City,Cancelled,2016 07:57:00
1728,City,Cancelled,2016 08:20:00
1777,City,Cancelled,2016 08:58:00
1868,City,Cancelled,2016 09:59:00
2801,City,Cancelled,2016 04:57:03
2920,City,Cancelled,2016 06:22:21
5849,City,Cancelled,2016 09:09:40
1738,City,Cancelled,2016 08:26:00
3107,City,Cancelled,2016 08:28:37
3359,Airport,Cancelled,2016 13:29:42
4021,City,Cancelled,2016 23:56:13
4163,Airport,Cancelled,2016 05:08:28
4314,City,Cancelled,2016 06:51:11
5116,City,Cancelled,2016 20:08:14
1114,Airport,Cancelled,2016 20:19:00
5221,Airport,Cancelled,2016 21:01:34
5643,City,Cancelled,2016 06:50:14
1742,City,Cancelled,2016 08:30:00
1979,Airport,Cancelled,2016 12:25:00
2860,City,Cancelled,2016 05:41:43
3206,City,Cancelled,2016 09:41:26
5475,City,Cancelled,2016 04:49:57
5710,City,Cancelled,2016 07:38:39
1555,Airport,Cancelled,2016 06:10:00
2672,City,Cancelled,2016 23:41:00
3697,Airport,Cancelled,2016 19:49:17
4928,Airport,Cancelled,2016 18:16:03
5663,City,Cancelled,2016 07:02:11
164,City,Cancelled,2016 05:40:00
2985,City,Cancelled,2016 07:05:11
3248,City,Cancelled,2016 10:17:21
3794,City,Cancelled,2016 20:54:30
4834,Airport,Cancelled,2016 17:29:15
5517,City,Cancelled,2016 05:11:09
466,City,Cancelled,2016 09:14:00
1678,City,Cancelled,2016 07:39:00
1801,City,Cancelled,2016 09:18:00
1819,City,Cancelled,2016 09:25:00
3020,City,Cancelled,2016 07:30:26
3169,Airport,Cancelled,2016 09:13:18
3495,Airport,Cancelled,2016 17:32:32
4365,City,Cancelled,2016 07:28:41
4562,City,Cancelled,2016 09:48:08
1697,City,Cancelled,2016 07:59:00
1853,City,Cancelled,2016 09:51:00
2848,City,Cancelled,2016 05:36:09
4327,City,Cancelled,2016 07:07:05
4345,City,Cancelled,2016 07:22:16
4802,City,Cancelled,2016 17:07:02
1955,Airport,Cancelled,2016 11:47:00
3840,Airport,Cancelled,2016 21:33:48
4183,City,Cancelled,2016 05:20:42
4465,City,Cancelled,2016 08:39:54
1795,City,Cancelled,2016 09:03:00
2049,Airport,Cancelled,2016 14:45:00
2811,City,Cancelled,2016 05:05:37
3171,Airport,Cancelled,2016 09:17:54
4557,City,Cancelled,2016 09:42:41
5538,City,Cancelled,2016 05:28:23
556,City,Cancelled,2016 10:11:00
1854,City,Cancelled,2016 09:47:00
1897,City,Cancelled,2016 10:23:00
2537,City,Cancelled,2016 21:13:00
3053,City,Cancelled,2016 07:44:50
3050,City,Cancelled,2016 07:48:06
3110,City,Cancelled,2016 08:34:25
5524,City,Cancelled,2016 05:13:29
5714,City,Cancelled,2016 07:33:51
5783,City,Cancelled,2016 08:30:14
1982,City,Cancelled,2016 12:20:00
5251,Airport,Cancelled,2016 21:17:51
85,City,Cancelled,2016 04:47:00
459,City,Cancelled,2016 09:17:00
1507,City,Cancelled,2016 05:44:00
4231,City,Cancelled,2016 05:56:33
4427,City,Cancelled,2016 08:22:53
5640,City,Cancelled,2016 06:42:26
317,City,Cancelled,2016 07:29:00
5581,City,Cancelled,2016 05:53:49
6288,City,Cancelled,2016 18:17:50
1267,City,Cancelled,2016 22:01:00
2026,Airport,Cancelled,2016 14:00:00
2150,City,Cancelled,2016 17:16:00
2389,City,Cancelled,2016 19:52:00
954,Airport,Cancelled,2016 18:35:00
2795,City,Cancelled,2016 04:55:29
4184,City,Cancelled,2016 05:19:07
4563,City,Cancelled,2016 09:46:31
774,Airport,Cancelled,2016 16:28:00
2777,City,Cancelled,2016 04:43:35
2891,City,Cancelled,2016 05:52:52
6377,City,Cancelled,2016 19:14:38
1561,City,Cancelled,2016 06:14:00
1888,City,Cancelled,2016 10:12:00
4192,City,Cancelled,2016 05:25:52
4455,City,Cancelled,2016 08:33:35
4527,City,Cancelled,2016 09:27:26
4575,City,Cancelled,2016 09:54:33
1116,Airport,Cancelled,2016 20:25:00
3061,City,Cancelled,2016 07:53:01
4431,City,Cancelled,2016 08:23:45
227,Airport,Cancelled,2016 06:20:00
1434,City,Cancelled,2016 04:43:00
3040,City,Cancelled,2016 07:41:31
4366,City,Cancelled,2016 07:29:14
4594,City,Cancelled,2016 10:07:14
358,City,Cancelled,2016 08:00:00
865,Airport,Cancelled,2016 17:58:00
4822,Airport,Cancelled,2016 17:20:42
5290,Airport,Cancelled,2016 21:50:06
1202,Airport,Cancelled,2016 21:20:00
2840,City,Cancelled,2016 05:26:10
5642,City,Cancelled,2016 06:51:43
5788,City,Cancelled,2016 08:32:01
5792,City,Cancelled,2016 08:38:12
1172,Airport,Cancelled,2016 20:49:00
5860,City,Cancelled,2016 09:13:49
1245,Airport,Cancelled,2016 21:41:00
1544,City,Cancelled,2016 06:04:00
4287,City,Cancelled,2016 06:33:14
4308,City,Cancelled,2016 06:48:59
5577,City,Cancelled,2016 05:55:28
5760,City,Cancelled,2016 08:14:30
5855,City,Cancelled,2016 09:06:46
76,City,Cancelled,2016 04:45:00
366,City,Cancelled,2016 08:04:00
371,City,Cancelled,2016 08:07:00
3564,Airport,Cancelled,2016 18:18:27
181,City,Cancelled,2016 05:46:00
1503,City,Cancelled,2016 05:39:00
1863,City,Cancelled,2016 09:55:00
175,City,Cancelled,2016 05:45:00
1749,City,Cancelled,2016 08:33:00
2781,City,Cancelled,2016 04:42:20
319,City,Cancelled,2016 07:33:00
439,City,Cancelled,2016 08:55:00
4201,City,Cancelled,2016 05:32:02
736,City,Cancelled,2016 15:27:00
929,Airport,Cancelled,2016 18:24:00
1793,City,Cancelled,2016 09:13:00
5926,City,Cancelled,2016 10:05:36
345,City,Cancelled,2016 07:52:00
1051,Airport,Cancelled,2016 19:44:00
3213,City,Cancelled,2016 09:44:32
3841,Airport,Cancelled,2016 21:33:23
4168,City,Cancelled,2016 05:05:31
4657,Airport,Cancelled,2016 12:00:32
5272,City,Cancelled,2016 21:30:10
5765,City,Cancelled,2016 08:18:13
261,City,Cancelled,2016 06:42:00
525,City,Cancelled,2016 09:52:00
1500,City,Cancelled,2016 05:32:00
1640,City,Cancelled,2016 07:18:00
2885,City,Cancelled,2016 05:54:55
4386,City,Cancelled,2016 07:48:25
1190,Airport,Cancelled,2016 21:13:00
1549,City,Cancelled,2016 06:02:00
2834,City,Cancelled,2016 05:22:30
2862,City,Cancelled,2016 05:41:33
3054,City,Cancelled,2016 07:48:31
3405,Airport,Cancelled,2016 15:13:47
4153,City,Cancelled,2016 04:59:16
5424,City,Cancelled,2016 02:13:08
6561,Airport,Cancelled,2016 21:08:41
1623,City,Cancelled,2016 06:58:00
2061,City,Cancelled,2016 15:05:00
3183,City,Cancelled,2016 09:20:52
240,City,Cancelled,2016 06:29:00
1011,Airport,Cancelled,2016 19:08:00
1755,City,Cancelled,2016 08:40:00
1893,City,Cancelled,2016 10:17:00
177,City,Cancelled,2016 05:48:00
1162,Airport,Cancelled,2016 20:43:00
1456,City,Cancelled,2016 04:56:00
1472,City,Cancelled,2016 05:08:00
3024,City,Cancelled,2016 07:32:06
903,City,Cancelled,2016 18:14:00
1969,Airport,Cancelled,2016 12:07:00
3457,Airport,Cancelled,2016 17:00:06
4567,City,Cancelled,2016 09:46:31
4696,Airport,Cancelled,2016 13:05:58
4695,City,Cancelled,2016 13:10:50
77,City,Cancelled,2016 04:46:00
3118,City,Cancelled,2016 08:38:14
3329,Airport,Cancelled,2016 12:24:55
4403,City,Cancelled,2016 08:01:10
4406,City,Cancelled,2016 08:02:38
1828,City,Cancelled,2016 09:33:00
3084,City,Cancelled,2016 08:12:16
3890,Airport,Cancelled,2016 22:01:58
4410,City,Cancelled,2016 08:06:48
127,City,Cancelled,2016 05:10:00
3355,Airport,Cancelled,2016 13:26:29
86,City,Cancelled,2016 04:51:00
550,City,Cancelled,2016 10:04:00
2275,City,Cancelled,2016 18:34:00
4399,City,Cancelled,2016 08:02:44
5598,City,Cancelled,2016 06:13:51
293,City,Cancelled,2016 07:07:00
355,City,Cancelled,2016 07:54:00
683,Airport,Cancelled,2016 13:40:00
1490,City,Cancelled,2016 05:21:00
1796,City,Cancelled,2016 09:06:00
4529,City,Cancelled,2016 09:30:05
4536,City,Cancelled,2016 09:39:29
433,City,Cancelled,2016 08:57:00
1607,City,Cancelled,2016 06:41:00
3189,City,Cancelled,2016 09:32:49
4128,City,Cancelled,2016 04:42:38
4197,City,Cancelled,2016 05:27:13
4524,City,Cancelled,2016 09:26:12
5871,City,Cancelled,2016 09:23:40
5912,City,Cancelled,2016 10:00:48
2466,Airport,Cancelled,2016 20:34:00
2886,City,Cancelled,2016 06:01:35
5225,City,Cancelled,2016 21:06:59
6505,City,Cancelled,2016 20:35:06
2785,City,Cancelled,2016 04:50:41
2806,City,Cancelled,2016 05:00:10
4459,City,Cancelled,2016 08:37:33
5653,City,Cancelled,2016 06:58:27
1650,City,Cancelled,2016 07:14:00
3745,Airport,Cancelled,2016 20:27:16
4796,Airport,Cancelled,2016 16:54:50
2119,City,Cancelled,2016 16:41:00
3013,City,Cancelled,2016 07:31:04
3126,City,Cancelled,2016 08:43:17
4235,City,Cancelled,2016 05:51:55
105,City,Cancelled,2016 04:58:00
1747,City,Cancelled,2016 08:27:00
4134,City,Cancelled,2016 04:45:23
217,City,Cancelled,2016 06:12:00
4478,City,Cancelled,2016 08:44:58
5248,City,Cancelled,2016 21:18:23
6032,Airport,Cancelled,2016 13:00:41
4206,City,Cancelled,2016 05:34:56
4387,City,Cancelled,2016 07:54:18
113,City,Cancelled,2016 05:09:00
1558,City,Cancelled,2016 06:13:00
2180,Airport,Cancelled,2016 17:42:00
3661,Airport,Cancelled,2016 19:28:43
378,City,Cancelled,2016 08:08:00
790,Airport,Cancelled,2016 16:56:00
1700,City,Cancelled,2016 07:58:00
3788,Airport,Cancelled,2016 20:50:21
480,City,Cancelled,2016 09:26:00
1632,City,Cancelled,2016 07:06:00
3101,City,Cancelled,2016 08:28:00
5706,City,Cancelled,2016 07:38:04
5772,City,Cancelled,2016 08:22:59
129,City,Cancelled,2016 05:10:00
3119,City,Cancelled,2016 08:35:33
3228,City,Cancelled,2016 09:58:28
1569,City,Cancelled,2016 06:21:00
1820,City,Cancelled,2016 09:24:00
1840,City,Cancelled,2016 09:37:00
4323,City,Cancelled,2016 07:00:12
4346,City,Cancelled,2016 07:21:06
5785,City,Cancelled,2016 08:32:49
6400,City,Cancelled,2016 19:18:51
224,City,Cancelled,2016 06:17:00
5913,City,Cancelled,2016 09:58:51
1833,City,Cancelled,2016 09:34:00
2902,City,Cancelled,2016 05:59:39
4239,City,Cancelled,2016 05:56:04
265,City,Cancelled,2016 06:47:00
833,Airport,Cancelled,2016 17:37:00
3249,City,Cancelled,2016 10:13:59
4226,City,Cancelled,2016 05:46:51
5867,City,Cancelled,2016 09:19:33
684,City,Cancelled,2016 13:32:00
718,City,Cancelled,2016 14:51:00
4145,City,Cancelled,2016 04:56:49
5489,City,Cancelled,2016 04:52:39
5651,City,Cancelled,2016 07:00:08
290,City,Cancelled,2016 07:13:00
1030,Airport,Cancelled,2016 19:14:00
3062,City,Cancelled,2016 07:50:36
5635,City,Cancelled,2016 06:43:04
5828,City,Cancelled,2016 09:00:06
2823,City,Cancelled,2016 05:15:44
4558,City,Cancelled,2016 09:51:06
5494,City,Cancelled,2016 04:56:11
5501,City,Cancelled,2016 05:07:36
526,City,Cancelled,2016 09:46:00
1887,City,Cancelled,2016 10:08:00
2944,City,Cancelled,2016 06:33:43
4413,City,Cancelled,2016 08:07:44
4420,City,Cancelled,2016 08:13:50
5486,City,Cancelled,2016 04:51:17
6010,City,Cancelled,2016 12:25:21
277,City,Cancelled,2016 06:59:00
2148,City,Cancelled,2016 17:22:00
2802,City,Cancelled,2016 04:51:42
4445,City,Cancelled,2016 08:36:44
546,City,Cancelled,2016 10:04:00
1115,Airport,Cancelled,2016 20:23:00
3177,City,Cancelled,2016 09:13:12
5587,City,Cancelled,2016 05:58:50
5628,City,Cancelled,2016 06:34:40
6173,City,Cancelled,2016 16:45:26
383,City,Cancelled,2016 08:21:00
749,Airport,Cancelled,2016 15:48:00
5733,City,Cancelled,2016 07:51:13
18,City,Cancelled,2016 01:16:00
2125,Airport,Cancelled,2016 16:52:00
5522,City,Cancelled,2016 05:21:37
5895,City,Cancelled,2016 09:49:21
192,City,Cancelled,2016 05:56:00
1469,City,Cancelled,2016 05:05:00
1486,City,Cancelled,2016 05:20:00
2971,City,Cancelled,2016 06:53:00
4331,City,Cancelled,2016 07:10:46
1739,City,Cancelled,2016 08:30:00
5679,City,Cancelled,2016 07:09:12
5750,City,Cancelled,2016 08:03:18
5856,City,Cancelled,2016 09:08:43
6033,Airport,Cancelled,2016 12:55:58
119,City,Cancelled,2016 05:10:00
641,City,Cancelled,2016 12:31:00
3144,City,Cancelled,2016 08:55:43
3404,Airport,Cancelled,2016 15:18:33
4185,City,Cancelled,2016 05:16:42
5918,City,Cancelled,2016 10:01:19
98,City,Cancelled,2016 04:58:00
1541,City,Cancelled,2016 06:04:00
2872,City,Cancelled,2016 05:41:43
3498,City,Cancelled,2016 17:36:54
5646,City,Cancelled,2016 06:52:54
5656,City,Cancelled,2016 06:54:05
130,City,Cancelled,2016 05:12:00
268,City,Cancelled,2016 06:52:00
644,Airport,Cancelled,2016 12:29:00
1572,City,Cancelled,2016 06:22:00
1619,City,Cancelled,2016 06:53:00
1668,City,Cancelled,2016 07:35:00
1707,City,Cancelled,2016 08:10:00
2113,Airport,Cancelled,2016 16:29:00
4581,City,Cancelled,2016 10:04:38
5626,City,Cancelled,2016 06:33:43
4255,City,Cancelled,2016 06:08:00
5794,City,Cancelled,2016 08:38:36
6103,Airport,Cancelled,2016 14:52:59
302,City,Cancelled,2016 07:17:00
1137,City,Cancelled,2016 20:32:00
4304,City,Cancelled,2016 06:50:42
1702,City,Cancelled,2016 08:02:00
1762,City,Cancelled,2016 08:50:00
2373,Airport,Cancelled,2016 19:36:00
3005,City,Cancelled,2016 07:15:35
3131,City,Cancelled,2016 08:40:50
3883,Airport,Cancelled,2016 21:56:05
6131,Airport,Cancelled,2016 15:38:23
6302,Airport,Cancelled,2016 18:29:19
6538,Airport,Cancelled,2016 20:54:55
244,City,Cancelled,2016 06:31:00
1216,Airport,Cancelled,2016 21:32:00
4154,City,Cancelled,2016 05:07:00
393,City,Cancelled,2016 08:27:00
419,City,Cancelled,2016 08:42:00
4311,City,Cancelled,2016 06:52:50
4404,City,Cancelled,2016 07:55:00
5675,City,Cancelled,2016 07:08:58
193,City,Cancelled,2016 05:58:00
1825,City,Cancelled,2016 09:35:00
3111,City,Cancelled,2016 08:31:41
4160,City,Cancelled,2016 05:05:12
2846,City,Cancelled,2016 05:24:17
3163,City,Cancelled,2016 09:04:03
3446,City,Cancelled,2016 16:39:36
4543,City,Cancelled,2016 09:36:37
4800,Airport,Cancelled,2016 16:59:22
107,City,Cancelled,2016 05:02:00
1594,City,Cancelled,2016 06:41:00
1791,City,Cancelled,2016 09:08:00
6050,City,Cancelled,2016 13:35:03
409,City,Cancelled,2016 08:34:00
3137,City,Cancelled,2016 08:52:30
4532,City,Cancelled,2016 09:35:38
5914,City,Cancelled,2016 09:58:37
5618,City,Cancelled,2016 06:25:41
5688,City,Cancelled,2016 07:24:11
6419,City,Cancelled,2016 19:47:39
711,City,Cancelled,2016 14:22:00
4415,City,Cancelled,2016 08:11:36
4544,City,Cancelled,2016 09:33:28
3173,City,Cancelled,2016 09:12:19
6262,Airport,Cancelled,2016 18:05:37
262,City,Cancelled,2016 06:41:00
529,City,Cancelled,2016 09:54:00
1537,City,Cancelled,2016 05:55:00
1788,City,Cancelled,2016 09:08:00
5816,City,Cancelled,2016 08:44:58
3260,City,Cancelled,2016 10:13:25
4008,City,Cancelled,2016 23:43:03
4574,City,Cancelled,2016 09:53:19
1730,City,Cancelled,2016 08:25:00
2448,Airport,Cancelled,2016 20:26:00
4570,City,Cancelled,2016 09:51:07
5529,City,Cancelled,2016 05:24:02
1506,City,Cancelled,2016 05:37:00
2651,City,Cancelled,2016 22:56:00
3185,City,Cancelled,2016 09:24:46
3421,City,Cancelled,2016 15:42:36
291,City,Cancelled,2016 07:06:00
1669,City,Cancelled,2016 07:39:00
3974,City,Cancelled,2016 23:04:14
4349,City,Cancelled,2016 07:18:19
4442,City,Cancelled,2016 08:33:10
5327,Airport,Cancelled,2016 22:12:35
2929,City,Cancelled,2016 06:28:41
3186,City,Cancelled,2016 09:28:29
4211,City,Cancelled,2016 05:37:33
5273,Airport,Cancelled,2016 21:29:36
6445,City,Cancelled,2016 20:01:14
157,City,Cancelled,2016 05:38:00
2813,City,Cancelled,2016 05:06:08
3057,City,Cancelled,2016 07:50:41
4641,City,Cancelled,2016 11:39:07
5884,City,Cancelled,2016 09:36:17
1837,City,Cancelled,2016 09:36:00
4092,City,Cancelled,2016 02:55:40
4222,City,Cancelled,2016 05:44:07
1509,City,Cancelled,2016 05:42:00
3194,City,Cancelled,2016 09:35:28
3541,Airport,Cancelled,2016 17:57:13
1365,City,Cancelled,2016 00:09:00
1834,City,Cancelled,2016 09:33:00
4129,City,Cancelled,2016 04:42:23
4380,City,Cancelled,2016 07:47:21
4434,City,Cancelled,2016 08:27:11
5735,City,Cancelled,2016 07:47:23
6434,Airport,Cancelled,2016 19:49:25
623,Airport,Cancelled,2016 12:03:00
1521,City,Cancelled,2016 05:50:00
2771,City,Cancelled,2016 04:24:36
2873,City,Cancelled,2016 05:48:58
3320,Airport,Cancelled,2016 12:21:11
4571,City,Cancelled,2016 09:49:16
4600,City,Cancelled,2016 10:08:30
5341,City,Cancelled,2016 22:34:33
2435,City,Cancelled,2016 20:11:00
2919,City,Cancelled,2016 06:19:03
4712,City,Cancelled,2016 13:23:54
399,City,Cancelled,2016 08:25:00
2826,City,Cancelled,2016 05:13:35
3090,City,Cancelled,2016 08:13:41
4141,City,Cancelled,2016 04:46:40
5817,City,Cancelled,2016 08:46:28
1156,City,Cancelled,2016 20:46:00
3155,City,Cancelled,2016 09:02:43
5821,City,Cancelled,2016 08:54:59
552,City,Cancelled,2016 10:07:00
589,Airport,Cancelled,2016 11:19:00
3218,City,Cancelled,2016 09:49:59
3287,City,Cancelled,2016 11:13:58
5557,City,Cancelled,2016 05:39:51
5874,City,Cancelled,2016 09:21:37
1117,Airport,Cancelled,2016 20:17:00
2820,City,Cancelled,2016 05:14:00
3083,City,Cancelled,2016 08:16:01
185,City,Cancelled,2016 05:43:00
2922,City,Cancelled,2016 06:25:47
4379,City,Cancelled,2016 07:43:57
1846,City,Cancelled,2016 09:43:00
2778,Airport,Cancelled,2016 04:45:54
4161,City,Cancelled,2016 05:06:13
5702,City,Cancelled,2016 07:37:04
5808,City,Cancelled,2016 08:39:56
298,City,Cancelled,2016 07:15:00
4602,Airport,Cancelled,2016 10:13:25
5650,City,Cancelled,2016 06:59:22
508,City,Cancelled,2016 09:40:00
1419,City,Cancelled,2016 03:57:00
3114,City,Cancelled,2016 08:38:20
309,City,Cancelled,2016 07:18:00
327,City,Cancelled,2016 07:33:00
1491,City,Cancelled,2016 05:36:00
4392,City,Cancelled,2016 07:56:17
5396,City,Cancelled,2016 00:54:12
5767,City,Cancelled,2016 08:19:53
5498,City,Cancelled,2016 04:56:28
5755,City,Cancelled,2016 08:05:55
414,City,Cancelled,2016 08:41:00
1621,City,Cancelled,2016 06:56:00
5288,Airport,Cancelled,2016 21:42:19
1778,City,Cancelled,2016 09:01:00
5266,Airport,Cancelled,2016 21:26:44
5836,City,Cancelled,2016 09:02:31
115,City,Cancelled,2016 05:14:00
4655,City,Cancelled,2016 12:04:12
5590,City,Cancelled,2016 06:02:31
1784,City,Cancelled,2016 09:02:00
3123,City,Cancelled,2016 08:39:59
3330,City,Cancelled,2016 12:25:07
4376,City,Cancelled,2016 07:41:41
4540,City,Cancelled,2016 09:38:51
431,City,Cancelled,2016 08:56:00
1599,City,Cancelled,2016 06:39:00
1725,City,Cancelled,2016 08:17:00
4248,City,Cancelled,2016 06:02:41
133,City,Cancelled,2016 05:14:00
4170,City,Cancelled,2016 05:09:42
6057,Airport,Cancelled,2016 13:41:55
108,City,Cancelled,2016 05:09:00
1798,City,Cancelled,2016 09:10:00
1932,City,Cancelled,2016 11:13:00
5865,City,Cancelled,2016 09:18:48
5981,City,Cancelled,2016 11:40:05
363,City,Cancelled,2016 08:02:00
3153,City,Cancelled,2016 09:03:21
3196,City,Cancelled,2016 09:37:26
3214,City,Cancelled,2016 09:46:56
4171,City,Cancelled,2016 05:11:39
5824,City,Cancelled,2016 08:50:27
1866,City,Cancelled,2016 09:52:00
2958,City,Cancelled,2016 06:46:00
3181,Airport,Cancelled,2016 09:19:04
5833,City,Cancelled,2016 08:57:27
5873,City,Cancelled,2016 09:20:40
415,Airport,Cancelled,2016 08:37:00
4439,City,Cancelled,2016 08:27:51
5761,City,Cancelled,2016 08:18:14
490,City,Cancelled,2016 09:33:00
464,City,Cancelled,2016 09:14:00
725,Airport,Cancelled,2016 15:02:00
2418,Airport,Cancelled,2016 20:05:00
4137,City,Cancelled,2016 04:48:41
780,Airport,Cancelled,2016 16:42:00
1601,City,Cancelled,2016 06:43:00
1831,Airport,Cancelled,2016 09:27:00
5545,City,Cancelled,2016 05:27:12
2782,City,Cancelled,2016 04:50:27
4202,City,Cancelled,2016 05:37:41
4253,City,Cancelled,2016 06:02:50
4669,City,Cancelled,2016 12:34:18
5694,City,Cancelled,2016 07:31:03
5707,City,Cancelled,2016 07:32:56
5795,City,Cancelled,2016 08:41:36
4203,City,Cancelled,2016 05:36:28
5928,City,Cancelled,2016 10:07:34
471,City,Cancelled,2016 09:22:00
4505,City,Cancelled,2016 09:09:33
5876,City,Cancelled,2016 09:27:22
332,City,Cancelled,2016 07:40:00
1734,City,Cancelled,2016 08:25:00
3202,City,Cancelled,2016 09:41:02
4232,City,Cancelled,2016 05:55:47
6608,Airport,Cancelled,2016 21:46:57
1703,City,Cancelled,2016 08:05:00
3001,City,Cancelled,2016 07:15:27
3149,City,Cancelled,2016 08:55:18
4496,City,Cancelled,2016 09:02:24
1591,City,Cancelled,2016 06:28:00
1876,City,Cancelled,2016 10:01:00
4169,City,Cancelled,2016 05:12:56
4512,City,Cancelled,2016 09:15:30
2895,City,Cancelled,2016 06:02:04
4330,City,Cancelled,2016 07:13:49
4801,City,Cancelled,2016 16:59:11
5787,City,Cancelled,2016 08:30:20
743,City,Cancelled,2016 15:37:00
3704,Airport,Cancelled,2016 19:47:50
485,City,Cancelled,2016 09:33:00
647,City,Cancelled,2016 12:37:00
1858,City,Cancelled,2016 09:54:00
4755,City,Cancelled,2016 15:17:34
5769,City,Cancelled,2016 08:21:38
2988,City,Cancelled,2016 07:09:54
553,City,Cancelled,2016 10:09:00
676,City,Cancelled,2016 13:23:00
1516,City,Cancelled,2016 05:44:00
1763,City,Cancelled,2016 08:51:00
4144,City,Cancelled,2016 04:50:45
6541,Airport,Cancelled,2016 20:54:48
147,City,Cancelled,2016 05:26:00
2881,City,Cancelled,2016 05:58:31
2964,City,Cancelled,2016 06:48:48
4236,City,Cancelled,2016 05:53:18
4447,City,Cancelled,2016 08:32:05
4579,Airport,Cancelled,2016 10:04:05
5720,City,Cancelled,2016 07:37:57
5820,City,Cancelled,2016 08:50:10
6487,Airport,Cancelled,2016 20:23:14
120,City,Cancelled,2016 05:04:00
1560,City,Cancelled,2016 06:06:00
4815,Airport,Cancelled,2016 17:18:23
166,City,Cancelled,2016 05:41:00
1655,Airport,Cancelled,2016 07:27:00
1670,City,Cancelled,2016 07:36:00
3026,City,Cancelled,2016 07:29:18
3388,City,Cancelled,2016 14:36:39
5809,City,Cancelled,2016 08:48:20
6080,Airport,Cancelled,2016 14:17:28
1545,Airport,Cancelled,2016 06:01:00
3032,City,Cancelled,2016 07:33:57
3156,City,Cancelled,2016 09:00:40
4741,City,Cancelled,2016 14:52:18
5582,City,Cancelled,2016 05:52:11
5677,City,Cancelled,2016 07:06:05
5989,Airport,Cancelled,2016 11:46:11
417,City,Cancelled,2016 08:42:00
1437,City,Cancelled,2016 04:42:00
3063,City,Cancelled,2016 07:55:16
3100,City,Cancelled,2016 08:18:13
3148,City,Cancelled,2016 09:02:46
305,City,Cancelled,2016 07:17:00
1511,City,Cancelled,2016 05:40:00
2830,City,Cancelled,2016 05:19:51
2938,City,Cancelled,2016 06:33:04
346,City,Cancelled,2016 07:54:00
1684,City,Cancelled,2016 07:50:00
3027,City,Cancelled,2016 07:26:36
3017,Airport,Cancelled,2016 07:29:44
4926,Airport,Cancelled,2016 18:20:41
2222,City,Cancelled,2016 18:03:00
2237,City,Cancelled,2016 18:19:00
4207,City,Cancelled,2016 05:30:56
4223,City,Cancelled,2016 05:46:02
4452,City,Cancelled,2016 08:34:36
5632,City,Cancelled,2016 06:35:32
5879,City,Cancelled,2016 09:27:08
395,City,Cancelled,2016 08:32:00
495,City,Cancelled,2016 09:37:00
1228,City,Cancelled,2016 21:37:00
1481,City,Cancelled,2016 05:24:00
1616,City,Cancelled,2016 06:54:00
1627,City,Cancelled,2016 07:02:00
1726,City,Cancelled,2016 08:25:00
2789,City,Cancelled,2016 04:50:46
3552,Airport,Cancelled,2016 18:01:34
4130,City,Cancelled,2016 04:41:54
294,City,Cancelled,2016 07:12:00
315,City,Cancelled,2016 07:34:00
1718,City,Cancelled,2016 08:14:00
2122,City,Cancelled,2016 16:50:00
2387,City,Cancelled,2016 19:46:00
140,City,Cancelled,2016 05:17:00
505,City,Cancelled,2016 09:44:00
2950,City,Cancelled,2016 06:40:30
5800,City,Cancelled,2016 08:44:20
1877,City,Cancelled,2016 10:03:00
3437,City,Cancelled,2016 16:10:20
3820,Airport,Cancelled,2016 21:07:32
5076,City,Cancelled,2016 19:38:01
5660,City,Cancelled,2016 07:02:00
6242,Airport,Cancelled,2016 17:55:10
6321,Airport,Cancelled,2016 18:37:53
3086,City,Cancelled,2016 08:12:18
4538,City,Cancelled,2016 09:38:03
1233,Airport,Cancelled,2016 21:38:00
1883,City,Cancelled,2016 10:06:00
3233,City,Cancelled,2016 10:01:44
3237,City,Cancelled,2016 10:06:32
3577,Airport,Cancelled,2016 18:24:15
219,City,Cancelled,2016 06:15:00
493,City,Cancelled,2016 09:30:00
1575,City,Cancelled,2016 06:23:00
5631,City,Cancelled,2016 06:36:14
109,City,Cancelled,2016 05:01:00
299,City,Cancelled,2016 07:13:00
347,City,Cancelled,2016 07:51:00
538,City,Cancelled,2016 10:00:00
3250,City,Cancelled,2016 10:09:28
3983,City,Cancelled,2016 23:19:23
2948,City,Cancelled,2016 06:39:27
2982,City,Cancelled,2016 07:04:21
3055,City,Cancelled,2016 07:48:58
3759,City,Cancelled,2016 20:34:32
4389,City,Cancelled,2016 07:56:57
5949,City,Cancelled,2016 10:30:58
441,City,Cancelled,2016 09:05:00
1109,City,Cancelled,2016 20:23:00
1693,Airport,Cancelled,2016 07:50:00
3198,City,Cancelled,2016 09:39:19
4507,City,Cancelled,2016 09:09:57
6058,City,Cancelled,2016 13:47:11
1630,City,Cancelled,2016 07:03:00
3451,Airport,Cancelled,2016 16:53:56
3839,Airport,Cancelled,2016 21:28:41
4258,City,Cancelled,2016 06:12:03
4677,Airport,Cancelled,2016 12:45:00
5603,City,Cancelled,2016 06:08:31
186,City,Cancelled,2016 05:48:00
2094,Airport,Cancelled,2016 15:51:00
4354,City,Cancelled,2016 07:26:35
340,City,Cancelled,2016 07:51:00
5499,City,Cancelled,2016 05:07:17
151,City,Cancelled,2016 05:27:00
316,City,Cancelled,2016 07:26:00
561,City,Cancelled,2016 10:10:00
1582,City,Cancelled,2016 06:23:00
1871,City,Cancelled,2016 10:04:00
4213,City,Cancelled,2016 05:39:02
5801,City,Cancelled,2016 08:40:03
144,City,Cancelled,2016 05:24:00
1383,City,Cancelled,2016 01:12:00
3216,City,Cancelled,2016 09:50:23
184,City,Cancelled,2016 05:49:00
4435,City,Cancelled,2016 08:25:24
5623,City,Cancelled,2016 06:27:46
2837,City,Cancelled,2016 05:19:53
5812,City,Cancelled,2016 08:44:40
407,City,Cancelled,2016 08:33:00
486,City,Cancelled,2016 09:29:00
4489,City,Cancelled,2016 08:53:51
1251,City,Cancelled,2016 21:47:00
2875,City,Cancelled,2016 05:54:23
3104,City,Cancelled,2016 08:25:16
3909,City,Cancelled,2016 22:13:42
4338,City,Cancelled,2016 07:20:59
4479,City,Cancelled,2016 08:41:51
3187,City,Cancelled,2016 09:31:32
4251,City,Cancelled,2016 05:55:36
5514,City,Cancelled,2016 05:08:25
5690,City,Cancelled,2016 07:20:54
295,Airport,Cancelled,2016 07:10:00
1487,City,Cancelled,2016 05:23:00
5515,City,Cancelled,2016 05:13:03
5535,City,Cancelled,2016 05:19:48
284,City,Cancelled,2016 07:05:00
2966,City,Cancelled,2016 06:54:13
3120,City,Cancelled,2016 08:32:08
4552,City,Cancelled,2016 09:40:33
758,City,Cancelled,2016 16:06:00
1641,City,Cancelled,2016 07:20:00
4158,City,Cancelled,2016 05:03:10
4164,City,Cancelled,2016 05:06:40
4448,City,Cancelled,2016 08:30:59
4225,City,Cancelled,2016 05:46:06
1362,City,No Cars Available,2016 00:02:00
1364,City,No Cars Available,2016 00:06:00
1366,City,No Cars Available,2016 00:09:00
2,Airport,No Cars Available,2016 00:23:00
7,Airport,No Cars Available,2016 00:30:00
6,City,No Cars Available,2016 00:36:00
4,City,No Cars Available,2016 00:37:00
8,City,No Cars Available,2016 00:40:00
12,City,No Cars Available,2016 01:08:00
16,Airport,No Cars Available,2016 01:09:00
14,Airport,No Cars Available,2016 01:10:00
19,City,No Cars Available,2016 01:14:00
15,City,No Cars Available,2016 01:15:00
17,Airport,No Cars Available,2016 01:16:00
20,Airport,No Cars Available,2016 01:23:00
23,City,No Cars Available,2016 01:38:00
22,Airport,No Cars Available,2016 01:40:00
25,Airport,No Cars Available,2016 01:45:00
24,Airport,No Cars Available,2016 01:48:00
27,Airport,No Cars Available,2016 01:49:00
26,Airport,No Cars Available,2016 01:49:00
29,City,No Cars Available,2016 01:55:00
28,City,No Cars Available,2016 02:02:00
31,City,No Cars Available,2016 02:10:00
32,Airport,No Cars Available,2016 02:15:00
36,City,No Cars Available,2016 02:33:00
37,Airport,No Cars Available,2016 02:34:00
38,City,No Cars Available,2016 02:39:00
40,Airport,No Cars Available,2016 02:42:00
39,Airport,No Cars Available,2016 02:48:00
42,Airport,No Cars Available,2016 02:55:00
43,City,No Cars Available,2016 03:06:00
44,Airport,No Cars Available,2016 03:07:00
46,Airport,No Cars Available,2016 03:16:00
49,Airport,No Cars Available,2016 03:29:00
52,City,No Cars Available,2016 03:30:00
54,City,No Cars Available,2016 03:34:00
55,Airport,No Cars Available,2016 03:41:00
57,City,No Cars Available,2016 03:52:00
59,City,No Cars Available,2016 03:58:00
56,City,No Cars Available,2016 03:58:00
58,Airport,No Cars Available,2016 04:03:00
61,Airport,No Cars Available,2016 04:05:00
62,Airport,No Cars Available,2016 04:10:00
63,Airport,No Cars Available,2016 04:17:00
65,Airport,No Cars Available,2016 04:23:00
67,Airport,No Cars Available,2016 04:24:00
69,Airport,No Cars Available,2016 04:27:00
68,Airport,No Cars Available,2016 04:27:00
72,City,No Cars Available,2016 04:36:00
73,Airport,No Cars Available,2016 04:36:00
71,City,No Cars Available,2016 04:37:00
75,Airport,No Cars Available,2016 04:40:00
79,City,No Cars Available,2016 04:43:00
83,City,No Cars Available,2016 04:44:00
78,City,No Cars Available,2016 04:45:00
104,City,No Cars Available,2016 05:00:00
103,City,No Cars Available,2016 05:02:00
131,City,No Cars Available,2016 05:10:00
124,City,No Cars Available,2016 05:12:00
117,City,No Cars Available,2016 05:13:00
137,City,No Cars Available,2016 05:17:00
136,City,No Cars Available,2016 05:19:00
135,City,No Cars Available,2016 05:20:00
138,City,No Cars Available,2016 05:20:00
154,City,No Cars Available,2016 05:31:00
153,City,No Cars Available,2016 05:33:00
171,City,No Cars Available,2016 05:39:00
167,City,No Cars Available,2016 05:40:00
159,City,No Cars Available,2016 05:43:00
178,City,No Cars Available,2016 05:47:00
179,City,No Cars Available,2016 05:49:00
190,City,No Cars Available,2016 05:53:00
189,City,No Cars Available,2016 05:58:00
208,Airport,No Cars Available,2016 06:05:00
194,City,No Cars Available,2016 06:05:00
207,City,No Cars Available,2016 06:06:00
199,City,No Cars Available,2016 06:07:00
203,City,No Cars Available,2016 06:07:00
221,City,No Cars Available,2016 06:16:00
226,City,No Cars Available,2016 06:21:00
228,City,No Cars Available,2016 06:24:00
231,City,No Cars Available,2016 06:26:00
230,City,No Cars Available,2016 06:27:00
254,City,No Cars Available,2016 06:40:00
263,City,No Cars Available,2016 06:44:00
255,City,No Cars Available,2016 06:44:00
259,City,No Cars Available,2016 06:46:00
266,City,No Cars Available,2016 06:47:00
274,City,No Cars Available,2016 06:50:00
272,City,No Cars Available,2016 06:50:00
287,City,No Cars Available,2016 07:05:00
288,City,No Cars Available,2016 07:05:00
300,City,No Cars Available,2016 07:13:00
331,City,No Cars Available,2016 07:47:00
337,City,No Cars Available,2016 07:50:00
342,City,No Cars Available,2016 07:51:00
349,City,No Cars Available,2016 07:51:00
344,City,No Cars Available,2016 07:52:00
348,City,No Cars Available,2016 07:54:00
359,City,No Cars Available,2016 07:58:00
367,City,No Cars Available,2016 08:03:00
356,City,No Cars Available,2016 08:03:00
369,City,No Cars Available,2016 08:04:00
364,City,No Cars Available,2016 08:05:00
372,City,No Cars Available,2016 08:07:00
365,City,No Cars Available,2016 08:07:00
390,City,No Cars Available,2016 08:17:00
388,City,No Cars Available,2016 08:21:00
385,City,No Cars Available,2016 08:21:00
396,City,No Cars Available,2016 08:29:00
413,City,No Cars Available,2016 08:37:00
408,City,No Cars Available,2016 08:37:00
416,City,No Cars Available,2016 08:39:00
435,City,No Cars Available,2016 08:55:00
440,City,No Cars Available,2016 09:08:00
434,City,No Cars Available,2016 09:09:00
456,City,No Cars Available,2016 09:13:00
453,City,No Cars Available,2016 09:13:00
442,City,No Cars Available,2016 09:15:00
478,City,No Cars Available,2016 09:16:00
452,City,No Cars Available,2016 09:16:00
460,City,No Cars Available,2016 09:21:00
473,Airport,No Cars Available,2016 09:22:00
472,City,No Cars Available,2016 09:25:00
496,City,No Cars Available,2016 09:29:00
487,City,No Cars Available,2016 09:31:00
498,City,No Cars Available,2016 09:35:00
503,City,No Cars Available,2016 09:37:00
502,City,No Cars Available,2016 09:40:00
509,City,No Cars Available,2016 09:42:00
506,City,No Cars Available,2016 09:43:00
522,City,No Cars Available,2016 09:48:00
516,City,No Cars Available,2016 09:49:00
524,City,No Cars Available,2016 09:50:00
527,City,No Cars Available,2016 09:52:00
530,City,No Cars Available,2016 09:57:00
539,City,No Cars Available,2016 09:59:00
541,City,No Cars Available,2016 10:03:00
548,City,No Cars Available,2016 10:04:00
563,Airport,No Cars Available,2016 10:17:00
562,Airport,No Cars Available,2016 10:18:00
566,City,No Cars Available,2016 10:20:00
567,Airport,No Cars Available,2016 10:21:00
576,City,No Cars Available,2016 10:58:00
581,Airport,No Cars Available,2016 11:00:00
587,City,No Cars Available,2016 11:17:00
593,City,No Cars Available,2016 11:22:00
594,Airport,No Cars Available,2016 11:31:00
601,City,No Cars Available,2016 11:40:00
606,City,No Cars Available,2016 11:42:00
611,Airport,No Cars Available,2016 11:53:00
613,City,No Cars Available,2016 11:56:00
617,Airport,No Cars Available,2016 11:57:00
624,City,No Cars Available,2016 12:06:00
633,City,No Cars Available,2016 12:26:00
646,Airport,No Cars Available,2016 12:37:00
654,Airport,No Cars Available,2016 12:45:00
655,City,No Cars Available,2016 12:53:00
658,City,No Cars Available,2016 12:54:00
659,City,No Cars Available,2016 12:55:00
667,City,No Cars Available,2016 13:01:00
665,Airport,No Cars Available,2016 13:04:00
668,City,No Cars Available,2016 13:06:00
674,City,No Cars Available,2016 13:15:00
670,Airport,No Cars Available,2016 13:18:00
673,Airport,No Cars Available,2016 13:24:00
678,Airport,No Cars Available,2016 13:33:00
690,Airport,No Cars Available,2016 13:41:00
685,City,No Cars Available,2016 13:43:00
691,City,No Cars Available,2016 13:46:00
695,City,No Cars Available,2016 13:54:00
696,City,No Cars Available,2016 14:01:00
705,Airport,No Cars Available,2016 14:12:00
713,City,No Cars Available,2016 14:41:00
716,City,No Cars Available,2016 14:52:00
722,Airport,No Cars Available,2016 14:57:00
731,City,No Cars Available,2016 15:11:00
730,Airport,No Cars Available,2016 15:14:00
734,City,No Cars Available,2016 15:22:00
755,Airport,No Cars Available,2016 16:03:00
762,City,No Cars Available,2016 16:12:00
765,Airport,No Cars Available,2016 16:16:00
764,City,No Cars Available,2016 16:21:00
767,City,No Cars Available,2016 16:24:00
768,Airport,No Cars Available,2016 16:26:00
770,Airport,No Cars Available,2016 16:27:00
776,City,No Cars Available,2016 16:34:00
783,City,No Cars Available,2016 16:48:00
787,Airport,No Cars Available,2016 16:50:00
786,Airport,No Cars Available,2016 16:50:00
795,Airport,No Cars Available,2016 17:09:00
796,Airport,No Cars Available,2016 17:11:00
803,Airport,No Cars Available,2016 17:14:00
802,Airport,No Cars Available,2016 17:15:00
806,Airport,No Cars Available,2016 17:15:00
798,Airport,No Cars Available,2016 17:17:00
804,Airport,No Cars Available,2016 17:18:00
808,Airport,No Cars Available,2016 17:19:00
810,Airport,No Cars Available,2016 17:20:00
807,Airport,No Cars Available,2016 17:20:00
814,Airport,No Cars Available,2016 17:21:00
820,Airport,No Cars Available,2016 17:21:00
811,Airport,No Cars Available,2016 17:23:00
813,Airport,No Cars Available,2016 17:23:00
809,Airport,No Cars Available,2016 17:24:00
816,Airport,No Cars Available,2016 17:24:00
815,Airport,No Cars Available,2016 17:25:00
812,Airport,No Cars Available,2016 17:28:00
823,Airport,No Cars Available,2016 17:28:00
818,Airport,No Cars Available,2016 17:31:00
822,Airport,No Cars Available,2016 17:33:00
830,Airport,No Cars Available,2016 17:34:00
824,Airport,No Cars Available,2016 17:34:00
827,Airport,No Cars Available,2016 17:35:00
829,Airport,No Cars Available,2016 17:35:00
825,Airport,No Cars Available,2016 17:36:00
841,Airport,No Cars Available,2016 17:39:00
836,Airport,No Cars Available,2016 17:40:00
842,Airport,No Cars Available,2016 17:40:00
837,City,No Cars Available,2016 17:41:00
835,Airport,No Cars Available,2016 17:42:00
839,Airport,No Cars Available,2016 17:44:00
849,Airport,No Cars Available,2016 17:45:00
854,Airport,No Cars Available,2016 17:48:00
851,Airport,No Cars Available,2016 17:48:00
850,Airport,No Cars Available,2016 17:50:00
862,Airport,No Cars Available,2016 17:51:00
861,Airport,No Cars Available,2016 17:53:00
858,Airport,No Cars Available,2016 17:56:00
875,Airport,No Cars Available,2016 17:57:00
873,Airport,No Cars Available,2016 17:57:00
869,Airport,No Cars Available,2016 17:58:00
868,Airport,No Cars Available,2016 17:58:00
864,Airport,No Cars Available,2016 17:59:00
866,Airport,No Cars Available,2016 18:00:00
880,Airport,No Cars Available,2016 18:01:00
877,Airport,No Cars Available,2016 18:02:00
879,Airport,No Cars Available,2016 18:02:00
874,Airport,No Cars Available,2016 18:04:00
881,Airport,No Cars Available,2016 18:05:00
886,Airport,No Cars Available,2016 18:05:00
894,Airport,No Cars Available,2016 18:07:00
890,Airport,No Cars Available,2016 18:07:00
883,Airport,No Cars Available,2016 18:07:00
888,Airport,No Cars Available,2016 18:09:00
885,Airport,No Cars Available,2016 18:09:00
895,Airport,No Cars Available,2016 18:10:00
882,Airport,No Cars Available,2016 18:10:00
889,Airport,No Cars Available,2016 18:11:00
893,Airport,No Cars Available,2016 18:11:00
896,City,No Cars Available,2016 18:11:00
892,Airport,No Cars Available,2016 18:12:00
906,Airport,No Cars Available,2016 18:12:00
897,Airport,No Cars Available,2016 18:13:00
902,Airport,No Cars Available,2016 18:13:00
901,Airport,No Cars Available,2016 18:14:00
922,Airport,No Cars Available,2016 18:16:00
905,Airport,No Cars Available,2016 18:17:00
908,Airport,No Cars Available,2016 18:17:00
915,Airport,No Cars Available,2016 18:18:00
920,Airport,No Cars Available,2016 18:19:00
911,Airport,No Cars Available,2016 18:21:00
916,Airport,No Cars Available,2016 18:21:00
907,Airport,No Cars Available,2016 18:21:00
925,Airport,No Cars Available,2016 18:22:00
935,Airport,No Cars Available,2016 18:22:00
912,Airport,No Cars Available,2016 18:23:00
921,Airport,No Cars Available,2016 18:24:00
931,Airport,No Cars Available,2016 18:27:00
917,Airport,No Cars Available,2016 18:28:00
937,Airport,No Cars Available,2016 18:29:00
934,Airport,No Cars Available,2016 18:29:00
933,Airport,No Cars Available,2016 18:29:00
924,Airport,No Cars Available,2016 18:30:00
942,Airport,No Cars Available,2016 18:30:00
938,Airport,No Cars Available,2016 18:31:00
940,Airport,No Cars Available,2016 18:32:00
953,Airport,No Cars Available,2016 18:35:00
941,Airport,No Cars Available,2016 18:35:00
946,Airport,No Cars Available,2016 18:36:00
950,Airport,No Cars Available,2016 18:36:00
948,Airport,No Cars Available,2016 18:37:00
945,Airport,No Cars Available,2016 18:38:00
955,Airport,No Cars Available,2016 18:40:00
956,Airport,No Cars Available,2016 18:40:00
949,Airport,No Cars Available,2016 18:41:00
958,Airport,No Cars Available,2016 18:42:00
957,Airport,No Cars Available,2016 18:42:00
959,Airport,No Cars Available,2016 18:43:00
961,Airport,No Cars Available,2016 18:46:00
964,Airport,No Cars Available,2016 18:46:00
966,Airport,No Cars Available,2016 18:48:00
970,Airport,No Cars Available,2016 18:49:00
968,Airport,No Cars Available,2016 18:49:00
971,Airport,No Cars Available,2016 18:49:00
965,Airport,No Cars Available,2016 18:50:00
962,Airport,No Cars Available,2016 18:51:00
973,Airport,No Cars Available,2016 18:54:00
969,Airport,No Cars Available,2016 18:55:00
989,Airport,No Cars Available,2016 18:57:00
974,Airport,No Cars Available,2016 18:58:00
983,Airport,No Cars Available,2016 18:58:00
985,City,No Cars Available,2016 18:58:00
987,Airport,No Cars Available,2016 18:59:00
979,Airport,No Cars Available,2016 19:00:00
982,Airport,No Cars Available,2016 19:01:00
977,Airport,No Cars Available,2016 19:01:00
986,Airport,No Cars Available,2016 19:01:00
991,Airport,No Cars Available,2016 19:02:00
978,Airport,No Cars Available,2016 19:02:00
984,Airport,No Cars Available,2016 19:02:00
994,Airport,No Cars Available,2016 19:02:00
988,Airport,No Cars Available,2016 19:02:00
1000,Airport,No Cars Available,2016 19:02:00
990,Airport,No Cars Available,2016 19:03:00
1001,Airport,No Cars Available,2016 19:05:00
997,Airport,No Cars Available,2016 19:05:00
996,Airport,No Cars Available,2016 19:10:00
1009,Airport,No Cars Available,2016 19:11:00
1004,Airport,No Cars Available,2016 19:11:00
1003,Airport,No Cars Available,2016 19:12:00
1016,Airport,No Cars Available,2016 19:15:00
1013,Airport,No Cars Available,2016 19:15:00
1029,Airport,No Cars Available,2016 19:16:00
1017,Airport,No Cars Available,2016 19:17:00
1028,Airport,No Cars Available,2016 19:17:00
1018,Airport,No Cars Available,2016 19:17:00
1023,Airport,No Cars Available,2016 19:18:00
1025,Airport,No Cars Available,2016 19:19:00
1026,Airport,No Cars Available,2016 19:19:00
1021,Airport,No Cars Available,2016 19:20:00
1019,Airport,No Cars Available,2016 19:22:00
1022,Airport,No Cars Available,2016 19:22:00
1031,Airport,No Cars Available,2016 19:24:00
1032,Airport,No Cars Available,2016 19:24:00
1035,Airport,No Cars Available,2016 19:29:00
1033,Airport,No Cars Available,2016 19:30:00
1037,Airport,No Cars Available,2016 19:31:00
1042,Airport,No Cars Available,2016 19:33:00
1036,Airport,No Cars Available,2016 19:33:00
1041,Airport,No Cars Available,2016 19:34:00
1043,Airport,No Cars Available,2016 19:34:00
1038,Airport,No Cars Available,2016 19:35:00
1047,Airport,No Cars Available,2016 19:39:00
1045,City,No Cars Available,2016 19:40:00
1049,Airport,No Cars Available,2016 19:40:00
1048,Airport,No Cars Available,2016 19:41:00
1054,Airport,No Cars Available,2016 19:42:00
1061,Airport,No Cars Available,2016 19:44:00
1053,Airport,No Cars Available,2016 19:45:00
1055,City,No Cars Available,2016 19:46:00
1058,Airport,No Cars Available,2016 19:47:00
1063,Airport,No Cars Available,2016 19:51:00
1062,Airport,No Cars Available,2016 19:53:00
1067,Airport,No Cars Available,2016 19:53:00
1072,Airport,No Cars Available,2016 19:54:00
1069,Airport,No Cars Available,2016 19:57:00
1073,Airport,No Cars Available,2016 19:58:00
1074,Airport,No Cars Available,2016 20:00:00
1079,Airport,No Cars Available,2016 20:01:00
1075,City,No Cars Available,2016 20:01:00
1078,Airport,No Cars Available,2016 20:01:00
1076,Airport,No Cars Available,2016 20:02:00
1090,Airport,No Cars Available,2016 20:03:00
1083,Airport,No Cars Available,2016 20:04:00
1089,Airport,No Cars Available,2016 20:05:00
1091,Airport,No Cars Available,2016 20:05:00
1088,Airport,No Cars Available,2016 20:06:00
1093,Airport,No Cars Available,2016 20:06:00
1082,Airport,No Cars Available,2016 20:06:00
1081,Airport,No Cars Available,2016 20:07:00
1102,Airport,No Cars Available,2016 20:08:00
1087,Airport,No Cars Available,2016 20:09:00
1106,Airport,No Cars Available,2016 20:11:00
1096,Airport,No Cars Available,2016 20:11:00
1095,Airport,No Cars Available,2016 20:12:00
1103,Airport,No Cars Available,2016 20:12:00
1092,Airport,No Cars Available,2016 20:14:00
1099,Airport,No Cars Available,2016 20:15:00
1105,Airport,No Cars Available,2016 20:18:00
1111,Airport,No Cars Available,2016 20:22:00
1121,Airport,No Cars Available,2016 20:23:00
1124,Airport,No Cars Available,2016 20:23:00
1118,Airport,No Cars Available,2016 20:23:00
1132,City,No Cars Available,2016 20:26:00
1126,Airport,No Cars Available,2016 20:28:00
1120,Airport,No Cars Available,2016 20:29:00
1122,Airport,No Cars Available,2016 20:29:00
1125,City,No Cars Available,2016 20:29:00
1127,Airport,No Cars Available,2016 20:30:00
1128,Airport,No Cars Available,2016 20:30:00
1140,Airport,No Cars Available,2016 20:31:00
1139,Airport,No Cars Available,2016 20:33:00
1131,Airport,No Cars Available,2016 20:35:00
1143,Airport,No Cars Available,2016 20:37:00
1141,Airport,No Cars Available,2016 20:38:00
1145,Airport,No Cars Available,2016 20:40:00
1153,Airport,No Cars Available,2016 20:40:00
1146,Airport,No Cars Available,2016 20:40:00
1144,Airport,No Cars Available,2016 20:41:00
1149,Airport,No Cars Available,2016 20:43:00
1158,Airport,No Cars Available,2016 20:44:00
1148,City,No Cars Available,2016 20:45:00
1159,Airport,No Cars Available,2016 20:45:00
1150,Airport,No Cars Available,2016 20:45:00
1155,Airport,No Cars Available,2016 20:46:00
1160,Airport,No Cars Available,2016 20:47:00
1157,Airport,No Cars Available,2016 20:47:00
1161,Airport,No Cars Available,2016 20:47:00
1154,Airport,No Cars Available,2016 20:47:00
1168,Airport,No Cars Available,2016 20:48:00
1165,City,No Cars Available,2016 20:48:00
1166,Airport,No Cars Available,2016 20:49:00
1169,Airport,No Cars Available,2016 20:54:00
1173,Airport,No Cars Available,2016 20:57:00
1174,Airport,No Cars Available,2016 20:58:00
1182,Airport,No Cars Available,2016 21:00:00
1176,Airport,No Cars Available,2016 21:01:00
1177,Airport,No Cars Available,2016 21:03:00
1185,Airport,No Cars Available,2016 21:05:00
1189,Airport,No Cars Available,2016 21:08:00
1191,Airport,No Cars Available,2016 21:10:00
1188,City,No Cars Available,2016 21:14:00
1192,Airport,No Cars Available,2016 21:15:00
1195,Airport,No Cars Available,2016 21:15:00
1194,Airport,No Cars Available,2016 21:15:00
1198,Airport,No Cars Available,2016 21:16:00
1193,Airport,No Cars Available,2016 21:17:00
1204,Airport,No Cars Available,2016 21:18:00
1201,Airport,No Cars Available,2016 21:19:00
1205,Airport,No Cars Available,2016 21:20:00
1211,Airport,No Cars Available,2016 21:25:00
1213,Airport,No Cars Available,2016 21:26:00
1219,Airport,No Cars Available,2016 21:26:00
1218,Airport,No Cars Available,2016 21:26:00
1208,Airport,No Cars Available,2016 21:28:00
1220,Airport,No Cars Available,2016 21:29:00
1212,Airport,No Cars Available,2016 21:29:00
1223,Airport,No Cars Available,2016 21:29:00
1222,Airport,No Cars Available,2016 21:29:00
1209,Airport,No Cars Available,2016 21:30:00
1239,Airport,No Cars Available,2016 21:34:00
1221,Airport,No Cars Available,2016 21:35:00
1229,Airport,No Cars Available,2016 21:35:00
1242,Airport,No Cars Available,2016 21:36:00
1237,Airport,No Cars Available,2016 21:37:00
1225,Airport,No Cars Available,2016 21:37:00
1224,Airport,No Cars Available,2016 21:38:00
1243,Airport,No Cars Available,2016 21:38:00
1232,Airport,No Cars Available,2016 21:39:00
1236,Airport,No Cars Available,2016 21:39:00
1226,City,No Cars Available,2016 21:39:00
1230,Airport,No Cars Available,2016 21:42:00
1240,Airport,No Cars Available,2016 21:43:00
1235,Airport,No Cars Available,2016 21:43:00
1248,Airport,No Cars Available,2016 21:44:00
1234,Airport,No Cars Available,2016 21:45:00
1246,Airport,No Cars Available,2016 21:47:00
1249,Airport,No Cars Available,2016 21:49:00
1250,Airport,No Cars Available,2016 21:50:00
1255,Airport,No Cars Available,2016 21:54:00
1257,Airport,No Cars Available,2016 21:55:00
1256,Airport,No Cars Available,2016 21:55:00
1259,Airport,No Cars Available,2016 21:58:00
1253,Airport,No Cars Available,2016 21:58:00
1269,Airport,No Cars Available,2016 21:59:00
1270,Airport,No Cars Available,2016 22:00:00
1261,Airport,No Cars Available,2016 22:01:00
1263,Airport,No Cars Available,2016 22:02:00
1265,Airport,No Cars Available,2016 22:02:00
1276,Airport,No Cars Available,2016 22:04:00
1268,Airport,No Cars Available,2016 22:04:00
1264,Airport,No Cars Available,2016 22:05:00
1282,Airport,No Cars Available,2016 22:08:00
1280,Airport,No Cars Available,2016 22:09:00
1284,Airport,No Cars Available,2016 22:17:00
1288,City,No Cars Available,2016 22:20:00
1287,Airport,No Cars Available,2016 22:20:00
1292,City,No Cars Available,2016 22:23:00
1291,City,No Cars Available,2016 22:25:00
1298,City,No Cars Available,2016 22:28:00
1302,City,No Cars Available,2016 22:30:00
1305,City,No Cars Available,2016 22:31:00
1304,City,No Cars Available,2016 22:35:00
1311,City,No Cars Available,2016 22:49:00
1313,Airport,No Cars Available,2016 22:50:00
1323,City,No Cars Available,2016 23:00:00
1322,Airport,No Cars Available,2016 23:04:00
1328,Airport,No Cars Available,2016 23:07:00
1327,Airport,No Cars Available,2016 23:10:00
1331,Airport,No Cars Available,2016 23:13:00
1332,City,No Cars Available,2016 23:14:00
1334,City,No Cars Available,2016 23:19:00
1335,City,No Cars Available,2016 23:20:00
1337,Airport,No Cars Available,2016 23:22:00
1342,City,No Cars Available,2016 23:30:00
1348,City,No Cars Available,2016 23:42:00
1347,City,No Cars Available,2016 23:44:00
1355,Airport,No Cars Available,2016 23:45:00
1352,Airport,No Cars Available,2016 23:49:00
1357,City,No Cars Available,2016 23:52:00
1358,City,No Cars Available,2016 23:57:00
1361,City,No Cars Available,2016 23:58:00
2682,Airport,No Cars Available,2016 00:10:00
2680,City,No Cars Available,2016 00:12:00
1370,Airport,No Cars Available,2016 00:22:00
1372,City,No Cars Available,2016 00:28:00
1373,City,No Cars Available,2016 00:34:00
1375,City,No Cars Available,2016 00:38:00
1374,Airport,No Cars Available,2016 00:40:00
1376,Airport,No Cars Available,2016 00:40:00
1379,Airport,No Cars Available,2016 00:58:00
1378,Airport,No Cars Available,2016 00:59:00
1385,Airport,No Cars Available,2016 01:28:00
1388,City,No Cars Available,2016 01:47:00
1389,Airport,No Cars Available,2016 01:54:00
1390,Airport,No Cars Available,2016 02:03:00
1392,City,No Cars Available,2016 02:08:00
1393,City,No Cars Available,2016 02:08:00
1391,City,No Cars Available,2016 02:09:00
1394,Airport,No Cars Available,2016 02:13:00
1395,Airport,No Cars Available,2016 02:24:00
1396,Airport,No Cars Available,2016 02:26:00
1397,City,No Cars Available,2016 02:33:00
1398,City,No Cars Available,2016 02:33:00
1400,Airport,No Cars Available,2016 02:36:00
1404,Airport,No Cars Available,2016 02:56:00
1405,Airport,No Cars Available,2016 02:57:00
1409,Airport,No Cars Available,2016 03:13:00
1407,Airport,No Cars Available,2016 03:13:00
1411,City,No Cars Available,2016 03:19:00
1412,Airport,No Cars Available,2016 03:19:00
1415,Airport,No Cars Available,2016 03:23:00
1416,City,No Cars Available,2016 03:25:00
1413,City,No Cars Available,2016 03:31:00
1418,Airport,No Cars Available,2016 03:51:00
1420,City,No Cars Available,2016 04:02:00
1421,City,No Cars Available,2016 04:05:00
1423,Airport,No Cars Available,2016 04:15:00
1427,Airport,No Cars Available,2016 04:28:00
1424,Airport,No Cars Available,2016 04:29:00
1428,Airport,No Cars Available,2016 04:35:00
1431,Airport,No Cars Available,2016 04:40:00
1432,City,No Cars Available,2016 04:40:00
1430,City,No Cars Available,2016 04:42:00
1440,Airport,No Cars Available,2016 04:44:00
1438,City,No Cars Available,2016 04:44:00
1433,City,No Cars Available,2016 04:46:00
1448,City,No Cars Available,2016 04:48:00
1441,City,No Cars Available,2016 04:49:00
1443,City,No Cars Available,2016 04:50:00
1460,City,No Cars Available,2016 04:56:00
1463,City,No Cars Available,2016 05:02:00
1466,City,No Cars Available,2016 05:06:00
1470,City,No Cars Available,2016 05:06:00
1473,City,No Cars Available,2016 05:18:00
1482,City,No Cars Available,2016 05:22:00
1494,City,No Cars Available,2016 05:29:00
1512,City,No Cars Available,2016 05:45:00
1523,City,No Cars Available,2016 05:49:00
1522,City,No Cars Available,2016 05:52:00
1530,City,No Cars Available,2016 05:52:00
1542,City,No Cars Available,2016 05:54:00
1535,City,No Cars Available,2016 05:58:00
1546,City,No Cars Available,2016 06:02:00
1552,City,No Cars Available,2016 06:05:00
1538,City,No Cars Available,2016 06:06:00
1547,City,No Cars Available,2016 06:07:00
1556,City,No Cars Available,2016 06:10:00
1579,City,No Cars Available,2016 06:28:00
1570,Airport,No Cars Available,2016 06:28:00
1580,City,No Cars Available,2016 06:29:00
1586,City,No Cars Available,2016 06:29:00
1583,City,No Cars Available,2016 06:30:00
1593,City,No Cars Available,2016 06:30:00
1590,City,No Cars Available,2016 06:35:00
1605,City,No Cars Available,2016 06:39:00
1602,City,No Cars Available,2016 06:41:00
1609,City,No Cars Available,2016 06:43:00
1610,City,No Cars Available,2016 06:45:00
1608,City,No Cars Available,2016 06:50:00
1622,City,No Cars Available,2016 06:55:00
1631,City,No Cars Available,2016 07:04:00
1624,Airport,No Cars Available,2016 07:04:00
1639,City,No Cars Available,2016 07:12:00
1646,City,No Cars Available,2016 07:18:00
1673,City,No Cars Available,2016 07:46:00
1685,City,No Cars Available,2016 07:47:00
1717,City,No Cars Available,2016 08:07:00
1716,City,No Cars Available,2016 08:07:00
1710,City,No Cars Available,2016 08:11:00
1711,City,No Cars Available,2016 08:12:00
1715,City,No Cars Available,2016 08:13:00
1719,City,No Cars Available,2016 08:14:00
1720,City,No Cars Available,2016 08:16:00
1727,City,No Cars Available,2016 08:17:00
1729,City,No Cars Available,2016 08:19:00
1731,City,No Cars Available,2016 08:26:00
1736,City,No Cars Available,2016 08:26:00
1746,City,No Cars Available,2016 08:30:00
1737,City,No Cars Available,2016 08:30:00
1740,City,No Cars Available,2016 08:32:00
1752,City,No Cars Available,2016 08:36:00
1753,City,No Cars Available,2016 08:39:00
1750,City,No Cars Available,2016 08:43:00
1760,City,No Cars Available,2016 08:45:00
1761,Airport,No Cars Available,2016 08:48:00
1765,Airport,No Cars Available,2016 08:48:00
1768,City,No Cars Available,2016 08:53:00
1764,City,No Cars Available,2016 08:54:00
1779,Airport,No Cars Available,2016 08:55:00
1785,City,No Cars Available,2016 09:03:00
1783,City,No Cars Available,2016 09:06:00
1792,City,No Cars Available,2016 09:10:00
1799,City,No Cars Available,2016 09:11:00
1803,City,No Cars Available,2016 09:13:00
1806,City,No Cars Available,2016 09:15:00
1813,Airport,No Cars Available,2016 09:19:00
1823,City,No Cars Available,2016 09:31:00
1822,City,No Cars Available,2016 09:31:00
1824,City,No Cars Available,2016 09:31:00
1856,Airport,No Cars Available,2016 09:45:00
1847,City,No Cars Available,2016 09:45:00
1857,City,No Cars Available,2016 09:46:00
1855,City,No Cars Available,2016 09:50:00
1859,City,No Cars Available,2016 09:54:00
1862,Airport,No Cars Available,2016 09:56:00
1869,City,No Cars Available,2016 09:57:00
1878,City,No Cars Available,2016 10:01:00
1872,City,No Cars Available,2016 10:02:00
1879,City,No Cars Available,2016 10:02:00
1884,Airport,No Cars Available,2016 10:09:00
1892,Airport,No Cars Available,2016 10:22:00
1905,City,No Cars Available,2016 10:33:00
1904,City,No Cars Available,2016 10:35:00
1912,Airport,No Cars Available,2016 10:44:00
1913,Airport,No Cars Available,2016 10:47:00
1917,City,No Cars Available,2016 10:50:00
1922,Airport,No Cars Available,2016 11:03:00
1926,City,No Cars Available,2016 11:10:00
1936,City,No Cars Available,2016 11:17:00
1933,City,No Cars Available,2016 11:21:00
1943,City,No Cars Available,2016 11:22:00
1951,Airport,No Cars Available,2016 11:29:00
1944,City,No Cars Available,2016 11:30:00
1965,City,No Cars Available,2016 11:59:00
1964,City,No Cars Available,2016 12:02:00
1967,City,No Cars Available,2016 12:10:00
1970,Airport,No Cars Available,2016 12:14:00
1980,Airport,No Cars Available,2016 12:23:00
1987,City,No Cars Available,2016 12:31:00
1988,Airport,No Cars Available,2016 12:33:00
1990,City,No Cars Available,2016 12:40:00
1992,City,No Cars Available,2016 12:44:00
1998,City,No Cars Available,2016 12:57:00
2002,City,No Cars Available,2016 13:06:00
2004,Airport,No Cars Available,2016 13:20:00
2006,Airport,No Cars Available,2016 13:22:00
2005,Airport,No Cars Available,2016 13:22:00
2012,Airport,No Cars Available,2016 13:28:00
2015,City,No Cars Available,2016 13:39:00
2021,Airport,No Cars Available,2016 13:47:00
2023,Airport,No Cars Available,2016 13:53:00
2027,City,No Cars Available,2016 14:09:00
2028,City,No Cars Available,2016 14:13:00
2036,City,No Cars Available,2016 14:18:00
2038,City,No Cars Available,2016 14:26:00
2054,City,No Cars Available,2016 14:48:00
2051,City,No Cars Available,2016 14:48:00
2056,City,No Cars Available,2016 14:57:00
2059,City,No Cars Available,2016 14:59:00
2058,Airport,No Cars Available,2016 15:04:00
2063,City,No Cars Available,2016 15:08:00
2066,Airport,No Cars Available,2016 15:12:00
2071,City,No Cars Available,2016 15:19:00
2072,Airport,No Cars Available,2016 15:21:00
2081,Airport,No Cars Available,2016 15:37:00
2080,City,No Cars Available,2016 15:39:00
2091,City,No Cars Available,2016 15:53:00
2092,City,No Cars Available,2016 15:55:00
2093,City,No Cars Available,2016 15:56:00
2090,City,No Cars Available,2016 15:57:00
2100,City,No Cars Available,2016 16:08:00
2115,City,No Cars Available,2016 16:41:00
2121,City,No Cars Available,2016 16:48:00
2127,City,No Cars Available,2016 17:02:00
2132,Airport,No Cars Available,2016 17:06:00
2128,Airport,No Cars Available,2016 17:06:00
2140,City,No Cars Available,2016 17:09:00
2142,Airport,No Cars Available,2016 17:13:00
2133,Airport,No Cars Available,2016 17:16:00
2138,Airport,No Cars Available,2016 17:17:00
2139,City,No Cars Available,2016 17:17:00
2141,Airport,No Cars Available,2016 17:18:00
2149,Airport,No Cars Available,2016 17:18:00
2145,Airport,No Cars Available,2016 17:19:00
2153,City,No Cars Available,2016 17:19:00
2144,Airport,No Cars Available,2016 17:21:00
2137,Airport,No Cars Available,2016 17:22:00
2151,Airport,No Cars Available,2016 17:23:00
2155,Airport,No Cars Available,2016 17:23:00
2159,Airport,No Cars Available,2016 17:25:00
2154,Airport,No Cars Available,2016 17:26:00
2158,Airport,No Cars Available,2016 17:26:00
2156,Airport,No Cars Available,2016 17:27:00
2164,Airport,No Cars Available,2016 17:28:00
2161,Airport,No Cars Available,2016 17:29:00
2157,Airport,No Cars Available,2016 17:30:00
2170,Airport,No Cars Available,2016 17:35:00
2175,Airport,No Cars Available,2016 17:35:00
2174,Airport,No Cars Available,2016 17:36:00
2176,Airport,No Cars Available,2016 17:37:00
2171,Airport,No Cars Available,2016 17:38:00
2178,Airport,No Cars Available,2016 17:38:00
2183,Airport,No Cars Available,2016 17:40:00
2172,City,No Cars Available,2016 17:40:00
2177,City,No Cars Available,2016 17:41:00
2184,Airport,No Cars Available,2016 17:42:00
2186,City,No Cars Available,2016 17:43:00
2189,Airport,No Cars Available,2016 17:43:00
2185,Airport,No Cars Available,2016 17:43:00
2188,Airport,No Cars Available,2016 17:46:00
2196,Airport,No Cars Available,2016 17:46:00
2190,Airport,No Cars Available,2016 17:46:00
2191,Airport,No Cars Available,2016 17:46:00
2193,Airport,No Cars Available,2016 17:47:00
2199,Airport,No Cars Available,2016 17:47:00
2194,Airport,No Cars Available,2016 17:48:00
2201,Airport,No Cars Available,2016 17:49:00
2204,Airport,No Cars Available,2016 17:51:00
2198,Airport,No Cars Available,2016 17:51:00
2202,Airport,No Cars Available,2016 17:52:00
2205,Airport,No Cars Available,2016 17:54:00
2212,Airport,No Cars Available,2016 17:56:00
2213,Airport,No Cars Available,2016 17:58:00
2215,Airport,No Cars Available,2016 17:59:00
2219,Airport,No Cars Available,2016 18:00:00
2214,Airport,No Cars Available,2016 18:01:00
2216,Airport,No Cars Available,2016 18:02:00
2217,City,No Cars Available,2016 18:02:00
2210,Airport,No Cars Available,2016 18:03:00
2218,Airport,No Cars Available,2016 18:04:00
2228,Airport,No Cars Available,2016 18:06:00
2229,Airport,No Cars Available,2016 18:08:00
2226,Airport,No Cars Available,2016 18:08:00
2224,Airport,No Cars Available,2016 18:08:00
2221,Airport,No Cars Available,2016 18:09:00
2230,Airport,No Cars Available,2016 18:10:00
2225,Airport,No Cars Available,2016 18:11:00
2231,Airport,No Cars Available,2016 18:11:00
2220,Airport,No Cars Available,2016 18:12:00
2232,Airport,No Cars Available,2016 18:13:00
2239,Airport,No Cars Available,2016 18:14:00
2233,Airport,No Cars Available,2016 18:16:00
2243,Airport,No Cars Available,2016 18:16:00
2241,Airport,No Cars Available,2016 18:17:00
2238,Airport,No Cars Available,2016 18:20:00
2242,Airport,No Cars Available,2016 18:20:00
2255,Airport,No Cars Available,2016 18:21:00
2244,Airport,No Cars Available,2016 18:22:00
2247,Airport,No Cars Available,2016 18:24:00
2245,Airport,No Cars Available,2016 18:24:00
2258,Airport,No Cars Available,2016 18:25:00
2260,Airport,No Cars Available,2016 18:25:00
2254,Airport,No Cars Available,2016 18:25:00
2250,Airport,No Cars Available,2016 18:26:00
2263,Airport,No Cars Available,2016 18:27:00
2261,Airport,No Cars Available,2016 18:28:00
2246,Airport,No Cars Available,2016 18:30:00
2257,Airport,No Cars Available,2016 18:30:00
2271,City,No Cars Available,2016 18:32:00
2265,Airport,No Cars Available,2016 18:32:00
2264,Airport,No Cars Available,2016 18:32:00
2251,Airport,No Cars Available,2016 18:32:00
2269,Airport,No Cars Available,2016 18:33:00
2278,Airport,No Cars Available,2016 18:36:00
2273,Airport,No Cars Available,2016 18:36:00
2281,Airport,No Cars Available,2016 18:36:00
2272,Airport,No Cars Available,2016 18:39:00
2280,Airport,No Cars Available,2016 18:40:00
2287,Airport,No Cars Available,2016 18:40:00
2284,Airport,No Cars Available,2016 18:41:00
2286,Airport,No Cars Available,2016 18:41:00
2283,Airport,No Cars Available,2016 18:41:00
2289,Airport,No Cars Available,2016 18:41:00
2288,Airport,No Cars Available,2016 18:42:00
2291,Airport,No Cars Available,2016 18:46:00
2302,Airport,No Cars Available,2016 18:47:00
2290,Airport,No Cars Available,2016 18:48:00
2296,Airport,No Cars Available,2016 18:48:00
2299,Airport,No Cars Available,2016 18:49:00
2301,Airport,No Cars Available,2016 18:50:00
2293,Airport,No Cars Available,2016 18:50:00
2298,Airport,No Cars Available,2016 18:53:00
2303,Airport,No Cars Available,2016 18:53:00
2300,Airport,No Cars Available,2016 18:53:00
2297,Airport,No Cars Available,2016 18:54:00
2315,Airport,No Cars Available,2016 18:58:00
2312,Airport,No Cars Available,2016 18:58:00
2309,Airport,No Cars Available,2016 18:59:00
2304,Airport,No Cars Available,2016 18:59:00
2314,Airport,No Cars Available,2016 18:59:00
2308,Airport,No Cars Available,2016 19:02:00
2317,Airport,No Cars Available,2016 19:02:00
2313,Airport,No Cars Available,2016 19:03:00
2306,City,No Cars Available,2016 19:03:00
2316,Airport,No Cars Available,2016 19:04:00
2321,Airport,No Cars Available,2016 19:04:00
2318,Airport,No Cars Available,2016 19:04:00
2319,Airport,No Cars Available,2016 19:07:00
2320,Airport,No Cars Available,2016 19:07:00
2324,Airport,No Cars Available,2016 19:08:00
2322,Airport,No Cars Available,2016 19:09:00
2329,Airport,No Cars Available,2016 19:10:00
2325,Airport,No Cars Available,2016 19:10:00
2344,Airport,No Cars Available,2016 19:13:00
2334,Airport,No Cars Available,2016 19:14:00
2330,Airport,No Cars Available,2016 19:15:00
2337,Airport,No Cars Available,2016 19:15:00
2326,Airport,No Cars Available,2016 19:16:00
2341,Airport,No Cars Available,2016 19:17:00
2332,City,No Cars Available,2016 19:17:00
2338,Airport,No Cars Available,2016 19:17:00
2333,Airport,No Cars Available,2016 19:17:00
2336,Airport,No Cars Available,2016 19:18:00
2342,Airport,No Cars Available,2016 19:18:00
2343,Airport,No Cars Available,2016 19:19:00
2351,City,No Cars Available,2016 19:20:00
2345,Airport,No Cars Available,2016 19:20:00
2350,City,No Cars Available,2016 19:24:00
2352,Airport,No Cars Available,2016 19:26:00
2361,Airport,No Cars Available,2016 19:28:00
2364,Airport,No Cars Available,2016 19:29:00
2355,Airport,No Cars Available,2016 19:31:00
2357,Airport,No Cars Available,2016 19:31:00
2366,Airport,No Cars Available,2016 19:33:00
2367,Airport,No Cars Available,2016 19:35:00
2358,Airport,No Cars Available,2016 19:35:00
2362,Airport,No Cars Available,2016 19:36:00
2371,Airport,No Cars Available,2016 19:37:00
2369,City,No Cars Available,2016 19:37:00
2380,Airport,No Cars Available,2016 19:39:00
2377,Airport,No Cars Available,2016 19:40:00
2384,Airport,No Cars Available,2016 19:40:00
2374,Airport,No Cars Available,2016 19:41:00
2379,Airport,No Cars Available,2016 19:43:00
2376,City,No Cars Available,2016 19:43:00
2378,Airport,No Cars Available,2016 19:44:00
2388,Airport,No Cars Available,2016 19:46:00
2383,Airport,No Cars Available,2016 19:47:00
2385,Airport,No Cars Available,2016 19:47:00
2391,Airport,No Cars Available,2016 19:48:00
2386,Airport,No Cars Available,2016 19:51:00
2394,Airport,No Cars Available,2016 19:52:00
2402,Airport,No Cars Available,2016 19:53:00
2390,Airport,No Cars Available,2016 19:53:00
2401,Airport,No Cars Available,2016 19:55:00
2400,Airport,No Cars Available,2016 19:55:00
2403,Airport,No Cars Available,2016 19:55:00
2414,Airport,No Cars Available,2016 19:56:00
2393,Airport,No Cars Available,2016 19:58:00
2398,Airport,No Cars Available,2016 19:59:00
2408,Airport,No Cars Available,2016 20:01:00
2415,Airport,No Cars Available,2016 20:01:00
2421,Airport,No Cars Available,2016 20:07:00
2419,Airport,No Cars Available,2016 20:09:00
2409,Airport,No Cars Available,2016 20:10:00
2428,Airport,No Cars Available,2016 20:10:00
2426,Airport,No Cars Available,2016 20:10:00
2422,Airport,No Cars Available,2016 20:10:00
2427,Airport,No Cars Available,2016 20:12:00
2425,Airport,No Cars Available,2016 20:13:00
2429,Airport,No Cars Available,2016 20:17:00
2431,Airport,No Cars Available,2016 20:19:00
2439,Airport,No Cars Available,2016 20:19:00
2433,Airport,No Cars Available,2016 20:19:00
2450,Airport,No Cars Available,2016 20:20:00
2440,Airport,No Cars Available,2016 20:21:00
2442,Airport,No Cars Available,2016 20:22:00
2443,Airport,No Cars Available,2016 20:23:00
2446,Airport,No Cars Available,2016 20:25:00
2455,Airport,No Cars Available,2016 20:25:00
2453,Airport,No Cars Available,2016 20:25:00
2452,Airport,No Cars Available,2016 20:27:00
2454,Airport,No Cars Available,2016 20:28:00
2451,Airport,No Cars Available,2016 20:29:00
2438,Airport,No Cars Available,2016 20:29:00
2462,Airport,No Cars Available,2016 20:31:00
2468,Airport,No Cars Available,2016 20:31:00
2456,Airport,No Cars Available,2016 20:31:00
2471,Airport,No Cars Available,2016 20:35:00
2464,Airport,No Cars Available,2016 20:37:00
2477,Airport,No Cars Available,2016 20:38:00
2472,Airport,No Cars Available,2016 20:39:00
2470,Airport,No Cars Available,2016 20:40:00
2476,Airport,No Cars Available,2016 20:42:00
2475,Airport,No Cars Available,2016 20:44:00
2478,Airport,No Cars Available,2016 20:44:00
2493,Airport,No Cars Available,2016 20:48:00
2488,Airport,No Cars Available,2016 20:48:00
2495,Airport,No Cars Available,2016 20:49:00
2485,Airport,No Cars Available,2016 20:50:00
2489,Airport,No Cars Available,2016 20:50:00
2479,Airport,No Cars Available,2016 20:50:00
2487,Airport,No Cars Available,2016 20:51:00
2492,Airport,No Cars Available,2016 20:52:00
2500,Airport,No Cars Available,2016 20:54:00
2504,Airport,No Cars Available,2016 20:55:00
2503,Airport,No Cars Available,2016 20:55:00
2490,Airport,No Cars Available,2016 20:56:00
2502,Airport,No Cars Available,2016 20:56:00
2494,Airport,No Cars Available,2016 20:57:00
2501,Airport,No Cars Available,2016 20:59:00
2498,Airport,No Cars Available,2016 21:00:00
2512,Airport,No Cars Available,2016 21:03:00
2514,Airport,No Cars Available,2016 21:07:00
2519,Airport,No Cars Available,2016 21:07:00
2513,Airport,No Cars Available,2016 21:08:00
2515,Airport,No Cars Available,2016 21:08:00
2522,City,No Cars Available,2016 21:09:00
2528,Airport,No Cars Available,2016 21:11:00
2523,Airport,No Cars Available,2016 21:11:00
2529,Airport,No Cars Available,2016 21:12:00
2521,Airport,No Cars Available,2016 21:13:00
2525,Airport,No Cars Available,2016 21:15:00
2541,Airport,No Cars Available,2016 21:15:00
2536,Airport,No Cars Available,2016 21:15:00
2546,Airport,No Cars Available,2016 21:16:00
2531,Airport,No Cars Available,2016 21:16:00
2542,Airport,No Cars Available,2016 21:16:00
2534,City,No Cars Available,2016 21:18:00
2539,Airport,No Cars Available,2016 21:19:00
2533,Airport,No Cars Available,2016 21:19:00
2558,Airport,No Cars Available,2016 21:21:00
2550,Airport,No Cars Available,2016 21:21:00
2547,Airport,No Cars Available,2016 21:22:00
2538,Airport,No Cars Available,2016 21:22:00
2557,Airport,No Cars Available,2016 21:23:00
2563,Airport,No Cars Available,2016 21:24:00
2548,Airport,No Cars Available,2016 21:24:00
2551,Airport,No Cars Available,2016 21:26:00
2555,Airport,No Cars Available,2016 21:28:00
2549,Airport,No Cars Available,2016 21:28:00
2554,Airport,No Cars Available,2016 21:30:00
2566,Airport,No Cars Available,2016 21:31:00
2562,Airport,No Cars Available,2016 21:32:00
2571,Airport,No Cars Available,2016 21:32:00
2565,Airport,No Cars Available,2016 21:32:00
2575,Airport,No Cars Available,2016 21:33:00
2568,Airport,No Cars Available,2016 21:34:00
2570,Airport,No Cars Available,2016 21:34:00
2564,Airport,No Cars Available,2016 21:35:00
2581,Airport,No Cars Available,2016 21:35:00
2576,Airport,No Cars Available,2016 21:36:00
2579,Airport,No Cars Available,2016 21:38:00
2574,Airport,No Cars Available,2016 21:38:00
2577,Airport,No Cars Available,2016 21:38:00
2580,Airport,No Cars Available,2016 21:39:00
2583,Airport,No Cars Available,2016 21:41:00
2573,Airport,No Cars Available,2016 21:42:00
2578,Airport,No Cars Available,2016 21:42:00
2590,Airport,No Cars Available,2016 21:42:00
2585,Airport,No Cars Available,2016 21:42:00
2594,Airport,No Cars Available,2016 21:44:00
2586,Airport,No Cars Available,2016 21:45:00
2587,Airport,No Cars Available,2016 21:45:00
2595,Airport,No Cars Available,2016 21:49:00
2599,Airport,No Cars Available,2016 21:51:00
2592,Airport,No Cars Available,2016 21:52:00
2600,Airport,No Cars Available,2016 21:55:00
2602,Airport,No Cars Available,2016 21:56:00
2601,Airport,No Cars Available,2016 21:56:00
2607,Airport,No Cars Available,2016 21:59:00
2612,Airport,No Cars Available,2016 22:02:00
2605,Airport,No Cars Available,2016 22:03:00
2606,Airport,No Cars Available,2016 22:03:00
2611,Airport,No Cars Available,2016 22:04:00
2614,Airport,No Cars Available,2016 22:05:00
2610,Airport,No Cars Available,2016 22:06:00
2615,Airport,No Cars Available,2016 22:06:00
2616,Airport,No Cars Available,2016 22:07:00
2618,Airport,No Cars Available,2016 22:07:00
2620,Airport,No Cars Available,2016 22:08:00
2623,Airport,No Cars Available,2016 22:09:00
2626,Airport,No Cars Available,2016 22:11:00
2619,Airport,No Cars Available,2016 22:11:00
2617,Airport,No Cars Available,2016 22:11:00
2622,Airport,No Cars Available,2016 22:15:00
2630,City,No Cars Available,2016 22:15:00
2638,Airport,No Cars Available,2016 22:26:00
2639,Airport,No Cars Available,2016 22:28:00
2634,City,No Cars Available,2016 22:30:00
2640,Airport,No Cars Available,2016 22:32:00
2649,City,No Cars Available,2016 22:54:00
2653,City,No Cars Available,2016 22:59:00
2654,City,No Cars Available,2016 23:04:00
2652,Airport,No Cars Available,2016 23:07:00
2656,Airport,No Cars Available,2016 23:08:00
2655,City,No Cars Available,2016 23:11:00
2660,Airport,No Cars Available,2016 23:17:00
2659,City,No Cars Available,2016 23:22:00
2663,Airport,No Cars Available,2016 23:25:00
2669,Airport,No Cars Available,2016 23:37:00
2670,Airport,No Cars Available,2016 23:39:00
2671,City,No Cars Available,2016 23:43:00
2673,Airport,No Cars Available,2016 23:43:00
2674,City,No Cars Available,2016 23:45:00
2678,Airport,No Cars Available,2016 23:53:00
4020,Airport,No Cars Available,2016 00:02:14
4022,City,No Cars Available,2016 00:07:31
4026,City,No Cars Available,2016 00:08:23
4025,City,No Cars Available,2016 00:12:33
2684,Airport,No Cars Available,2016 00:14:40
2685,City,No Cars Available,2016 00:16:12
2686,City,No Cars Available,2016 00:24:18
2688,City,No Cars Available,2016 00:26:02
2687,Airport,No Cars Available,2016 00:31:02
2690,Airport,No Cars Available,2016 00:44:18
2695,Airport,No Cars Available,2016 00:48:15
2693,Airport,No Cars Available,2016 00:49:46
2696,Airport,No Cars Available,2016 00:50:15
2694,Airport,No Cars Available,2016 00:50:22
2698,Airport,No Cars Available,2016 00:55:59
2697,City,No Cars Available,2016 00:57:01
2699,Airport,No Cars Available,2016 00:59:51
2700,City,No Cars Available,2016 01:03:02
2703,City,No Cars Available,2016 01:09:58
2705,Airport,No Cars Available,2016 01:15:29
2706,Airport,No Cars Available,2016 01:21:14
2710,Airport,No Cars Available,2016 01:44:02
2711,City,No Cars Available,2016 01:47:28
2712,Airport,No Cars Available,2016 01:53:20
2716,City,No Cars Available,2016 01:56:49
2715,Airport,No Cars Available,2016 01:58:14
2718,City,No Cars Available,2016 02:06:39
2720,City,No Cars Available,2016 02:13:21
2722,Airport,No Cars Available,2016 02:16:38
2721,Airport,No Cars Available,2016 02:22:00
2725,Airport,No Cars Available,2016 02:26:30
2726,City,No Cars Available,2016 02:27:48
2724,City,No Cars Available,2016 02:31:27
2734,City,No Cars Available,2016 02:35:47
2728,City,No Cars Available,2016 02:35:52
2730,City,No Cars Available,2016 02:37:05
2727,City,No Cars Available,2016 02:38:06
2735,Airport,No Cars Available,2016 02:43:44
2738,City,No Cars Available,2016 02:48:50
2739,Airport,No Cars Available,2016 02:55:58
2737,Airport,No Cars Available,2016 02:56:33
2741,Airport,No Cars Available,2016 03:10:02
2743,Airport,No Cars Available,2016 03:12:16
2744,City,No Cars Available,2016 03:13:48
2745,City,No Cars Available,2016 03:14:45
2748,Airport,No Cars Available,2016 03:19:02
2749,Airport,No Cars Available,2016 03:30:39
2753,City,No Cars Available,2016 03:33:25
2751,Airport,No Cars Available,2016 03:33:57
2754,Airport,No Cars Available,2016 03:35:22
2755,Airport,No Cars Available,2016 03:37:10
2756,Airport,No Cars Available,2016 03:41:42
2757,Airport,No Cars Available,2016 03:44:25
2760,City,No Cars Available,2016 03:46:37
2763,City,No Cars Available,2016 03:58:00
2765,Airport,No Cars Available,2016 04:03:17
2766,City,No Cars Available,2016 04:11:06
2770,Airport,No Cars Available,2016 04:22:16
2773,Airport,No Cars Available,2016 04:32:49
2776,City,No Cars Available,2016 04:38:48
2772,Airport,No Cars Available,2016 04:40:37
2775,Airport,No Cars Available,2016 04:42:02
2783,Airport,No Cars Available,2016 04:50:45
2790,City,No Cars Available,2016 04:53:06
2804,City,No Cars Available,2016 04:58:10
2807,City,No Cars Available,2016 05:04:11
2817,City,No Cars Available,2016 05:04:12
2812,City,No Cars Available,2016 05:10:34
2821,City,No Cars Available,2016 05:13:47
2843,City,No Cars Available,2016 05:27:44
2838,City,No Cars Available,2016 05:30:28
2850,Airport,No Cars Available,2016 05:37:47
2870,City,No Cars Available,2016 05:41:13
2868,City,No Cars Available,2016 05:44:24
2852,City,No Cars Available,2016 05:44:44
2874,City,No Cars Available,2016 05:45:59
2878,City,No Cars Available,2016 05:55:28
2892,City,No Cars Available,2016 05:55:54
2882,City,No Cars Available,2016 05:58:33
2893,City,No Cars Available,2016 06:04:20
2904,City,No Cars Available,2016 06:07:12
2915,City,No Cars Available,2016 06:20:39
2921,City,No Cars Available,2016 06:20:53
2925,City,No Cars Available,2016 06:21:43
2930,City,No Cars Available,2016 06:26:50
2949,City,No Cars Available,2016 06:40:38
2955,City,No Cars Available,2016 06:41:50
2954,City,No Cars Available,2016 06:44:03
2976,City,No Cars Available,2016 06:50:44
2967,City,No Cars Available,2016 06:52:21
2972,City,No Cars Available,2016 06:55:45
2980,City,No Cars Available,2016 06:57:15
2981,City,No Cars Available,2016 07:03:27
2984,City,No Cars Available,2016 07:05:33
2999,Airport,No Cars Available,2016 07:10:18
3003,City,No Cars Available,2016 07:13:39
3000,City,No Cars Available,2016 07:16:37
3007,City,No Cars Available,2016 07:21:15
3002,City,No Cars Available,2016 07:21:45
3011,City,No Cars Available,2016 07:22:33
3029,City,No Cars Available,2016 07:36:22
3047,City,No Cars Available,2016 07:42:40
3046,City,No Cars Available,2016 07:43:36
3056,City,No Cars Available,2016 07:48:26
3058,City,No Cars Available,2016 07:55:34
3071,City,No Cars Available,2016 08:07:03
3077,City,No Cars Available,2016 08:12:02
3078,City,No Cars Available,2016 08:14:30
3095,City,No Cars Available,2016 08:15:08
3091,City,No Cars Available,2016 08:16:05
3087,City,No Cars Available,2016 08:19:00
3093,City,No Cars Available,2016 08:23:33
3103,City,No Cars Available,2016 08:23:52
3102,City,No Cars Available,2016 08:27:14
3106,City,No Cars Available,2016 08:27:41
3105,City,No Cars Available,2016 08:29:20
3128,City,No Cars Available,2016 08:33:01
3116,City,No Cars Available,2016 08:34:31
3115,City,No Cars Available,2016 08:37:42
3121,City,No Cars Available,2016 08:39:51
3124,City,No Cars Available,2016 08:40:39
3127,City,No Cars Available,2016 08:41:04
3133,City,No Cars Available,2016 08:42:30
3136,City,No Cars Available,2016 08:51:28
3164,City,No Cars Available,2016 09:05:28
3165,City,No Cars Available,2016 09:09:20
3167,City,No Cars Available,2016 09:10:21
3178,City,No Cars Available,2016 09:20:15
3195,City,No Cars Available,2016 09:34:47
3204,City,No Cars Available,2016 09:37:15
3199,City,No Cars Available,2016 09:41:57
3219,City,No Cars Available,2016 09:45:12
3209,City,No Cars Available,2016 09:52:16
3225,City,No Cars Available,2016 09:59:46
3241,City,No Cars Available,2016 10:04:45
3234,City,No Cars Available,2016 10:05:27
3239,City,No Cars Available,2016 10:05:47
3252,City,No Cars Available,2016 10:07:58
3244,City,No Cars Available,2016 10:09:09
3246,City,No Cars Available,2016 10:11:23
3257,City,No Cars Available,2016 10:12:07
3251,City,No Cars Available,2016 10:12:52
3247,City,No Cars Available,2016 10:13:08
3259,City,No Cars Available,2016 10:16:53
3267,City,No Cars Available,2016 10:25:44
3269,Airport,No Cars Available,2016 10:31:15
3272,City,No Cars Available,2016 10:38:09
3278,City,No Cars Available,2016 10:40:21
3279,Airport,No Cars Available,2016 10:41:58
3284,Airport,No Cars Available,2016 10:49:30
3288,City,No Cars Available,2016 11:03:57
3290,City,No Cars Available,2016 11:14:32
3296,City,No Cars Available,2016 11:39:17
3308,City,No Cars Available,2016 11:58:29
3322,City,No Cars Available,2016 12:21:27
3325,Airport,No Cars Available,2016 12:26:46
3332,City,No Cars Available,2016 12:34:06
3331,City,No Cars Available,2016 12:37:35
3335,City,No Cars Available,2016 12:39:01
3345,Airport,No Cars Available,2016 13:04:58
3350,City,No Cars Available,2016 13:17:08
3349,Airport,No Cars Available,2016 13:18:21
3361,City,No Cars Available,2016 13:32:11
3356,Airport,No Cars Available,2016 13:32:46
3364,Airport,No Cars Available,2016 13:41:21
3368,City,No Cars Available,2016 13:53:34
3371,City,No Cars Available,2016 14:02:38
3373,City,No Cars Available,2016 14:06:55
3374,City,No Cars Available,2016 14:13:45
3376,Airport,No Cars Available,2016 14:18:40
3386,Airport,No Cars Available,2016 14:39:43
3389,City,No Cars Available,2016 14:39:52
3390,Airport,No Cars Available,2016 14:40:57
3401,City,No Cars Available,2016 15:11:36
3402,Airport,No Cars Available,2016 15:12:06
3398,City,No Cars Available,2016 15:12:10
3406,Airport,No Cars Available,2016 15:20:18
3410,Airport,No Cars Available,2016 15:24:21
3409,City,No Cars Available,2016 15:25:37
3417,City,No Cars Available,2016 15:41:19
3426,City,No Cars Available,2016 15:56:08
3435,City,No Cars Available,2016 16:07:19
3439,City,No Cars Available,2016 16:19:43
3442,City,No Cars Available,2016 16:29:42
3443,City,No Cars Available,2016 16:35:25
3447,City,No Cars Available,2016 16:42:32
3463,Airport,No Cars Available,2016 17:08:21
3464,Airport,No Cars Available,2016 17:11:08
3473,Airport,No Cars Available,2016 17:13:27
3470,Airport,No Cars Available,2016 17:15:57
3474,Airport,No Cars Available,2016 17:18:26
3467,Airport,No Cars Available,2016 17:19:44
3481,Airport,No Cars Available,2016 17:20:26
3479,Airport,No Cars Available,2016 17:20:33
3487,Airport,No Cars Available,2016 17:20:58
3476,Airport,No Cars Available,2016 17:23:00
3484,City,No Cars Available,2016 17:25:02
3491,Airport,No Cars Available,2016 17:27:11
3488,Airport,No Cars Available,2016 17:27:28
3490,Airport,No Cars Available,2016 17:27:33
3493,Airport,No Cars Available,2016 17:28:40
3492,Airport,No Cars Available,2016 17:29:27
3480,Airport,No Cars Available,2016 17:29:50
3489,Airport,No Cars Available,2016 17:31:41
3502,Airport,No Cars Available,2016 17:32:02
3494,Airport,No Cars Available,2016 17:33:35
3501,Airport,No Cars Available,2016 17:36:04
3503,Airport,No Cars Available,2016 17:38:56
3509,Airport,No Cars Available,2016 17:39:26
3504,Airport,No Cars Available,2016 17:41:03
3512,Airport,No Cars Available,2016 17:41:10
3519,Airport,No Cars Available,2016 17:41:45
3516,Airport,No Cars Available,2016 17:41:48
3513,Airport,No Cars Available,2016 17:42:08
3515,Airport,No Cars Available,2016 17:42:15
3521,Airport,No Cars Available,2016 17:45:55
3527,Airport,No Cars Available,2016 17:46:00
3526,Airport,No Cars Available,2016 17:48:12
3522,Airport,No Cars Available,2016 17:49:33
3536,Airport,No Cars Available,2016 17:51:55
3534,Airport,No Cars Available,2016 17:51:58
3537,Airport,No Cars Available,2016 17:55:23
3533,Airport,No Cars Available,2016 17:56:19
3535,Airport,No Cars Available,2016 17:56:59
3532,Airport,No Cars Available,2016 17:57:15
3547,Airport,No Cars Available,2016 17:57:17
3531,Airport,No Cars Available,2016 17:57:42
3538,Airport,No Cars Available,2016 17:58:43
3543,Airport,No Cars Available,2016 17:59:39
3539,Airport,No Cars Available,2016 18:02:39
3542,Airport,No Cars Available,2016 18:05:07
3553,Airport,No Cars Available,2016 18:08:59
3562,Airport,No Cars Available,2016 18:09:11
3550,Airport,No Cars Available,2016 18:10:05
3551,Airport,No Cars Available,2016 18:10:20
3557,Airport,No Cars Available,2016 18:10:22
3560,Airport,No Cars Available,2016 18:10:53
3566,Airport,No Cars Available,2016 18:13:04
3567,Airport,No Cars Available,2016 18:14:22
3554,Airport,No Cars Available,2016 18:14:44
3556,Airport,No Cars Available,2016 18:15:20
3563,Airport,No Cars Available,2016 18:16:37
3569,Airport,No Cars Available,2016 18:19:52
3571,Airport,No Cars Available,2016 18:22:10
3574,Airport,No Cars Available,2016 18:22:50
3568,Airport,No Cars Available,2016 18:22:52
3576,Airport,No Cars Available,2016 18:23:10
3570,Airport,No Cars Available,2016 18:24:42
3578,Airport,No Cars Available,2016 18:26:07
3579,Airport,No Cars Available,2016 18:26:31
3582,Airport,No Cars Available,2016 18:27:03
3589,Airport,No Cars Available,2016 18:27:30
3580,Airport,No Cars Available,2016 18:27:38
3575,Airport,No Cars Available,2016 18:27:50
3573,City,No Cars Available,2016 18:29:42
3592,Airport,No Cars Available,2016 18:29:53
3587,Airport,No Cars Available,2016 18:30:58
3586,Airport,No Cars Available,2016 18:32:31
3581,Airport,No Cars Available,2016 18:32:52
3588,Airport,No Cars Available,2016 18:33:48
3591,Airport,No Cars Available,2016 18:33:53
3595,Airport,No Cars Available,2016 18:35:14
3597,Airport,No Cars Available,2016 18:36:44
3599,Airport,No Cars Available,2016 18:38:39
3596,Airport,No Cars Available,2016 18:39:24
3604,Airport,No Cars Available,2016 18:43:05
3603,Airport,No Cars Available,2016 18:44:18
3605,Airport,No Cars Available,2016 18:44:35
3600,Airport,No Cars Available,2016 18:45:35
3607,Airport,No Cars Available,2016 18:45:35
3608,Airport,No Cars Available,2016 18:47:45
3611,Airport,No Cars Available,2016 18:48:37
3609,City,No Cars Available,2016 18:49:22
3610,Airport,No Cars Available,2016 18:49:37
3616,Airport,No Cars Available,2016 18:49:39
3606,Airport,No Cars Available,2016 18:50:47
3614,City,No Cars Available,2016 18:51:25
3618,Airport,No Cars Available,2016 18:52:47
3612,Airport,No Cars Available,2016 18:53:47
3623,Airport,No Cars Available,2016 18:54:25
3619,Airport,No Cars Available,2016 18:55:46
3627,Airport,No Cars Available,2016 18:57:10
3635,Airport,No Cars Available,2016 18:58:18
3629,Airport,No Cars Available,2016 18:58:26
3626,Airport,No Cars Available,2016 19:00:30
3633,City,No Cars Available,2016 19:00:33
3637,Airport,No Cars Available,2016 19:05:33
3639,Airport,No Cars Available,2016 19:05:47
3628,Airport,No Cars Available,2016 19:06:14
3642,Airport,No Cars Available,2016 19:07:22
3636,Airport,No Cars Available,2016 19:07:30
3647,Airport,No Cars Available,2016 19:09:37
3655,Airport,No Cars Available,2016 19:11:24
3643,Airport,No Cars Available,2016 19:12:31
3654,Airport,No Cars Available,2016 19:15:11
3652,Airport,No Cars Available,2016 19:16:09
3650,Airport,No Cars Available,2016 19:17:13
3665,Airport,No Cars Available,2016 19:21:54
3663,Airport,No Cars Available,2016 19:22:20
3664,Airport,No Cars Available,2016 19:22:42
3659,Airport,No Cars Available,2016 19:24:25
3677,Airport,No Cars Available,2016 19:24:59
3670,Airport,No Cars Available,2016 19:25:15
3669,Airport,No Cars Available,2016 19:25:45
3675,Airport,No Cars Available,2016 19:25:56
3682,Airport,No Cars Available,2016 19:31:18
3674,Airport,No Cars Available,2016 19:31:23
3678,Airport,No Cars Available,2016 19:33:06
3673,Airport,No Cars Available,2016 19:35:06
3687,Airport,No Cars Available,2016 19:35:08
3683,Airport,No Cars Available,2016 19:36:32
3685,Airport,No Cars Available,2016 19:37:11
3684,Airport,No Cars Available,2016 19:38:01
3692,Airport,No Cars Available,2016 19:40:17
3680,Airport,No Cars Available,2016 19:40:23
3689,Airport,No Cars Available,2016 19:41:10
3696,Airport,No Cars Available,2016 19:43:04
3693,Airport,No Cars Available,2016 19:43:10
3695,Airport,No Cars Available,2016 19:43:55
3709,Airport,No Cars Available,2016 19:44:06
3708,Airport,No Cars Available,2016 19:45:28
3699,Airport,No Cars Available,2016 19:45:37
3691,Airport,No Cars Available,2016 19:46:25
3705,Airport,No Cars Available,2016 19:47:39
3707,Airport,No Cars Available,2016 19:48:27
3706,Airport,No Cars Available,2016 19:49:05
3702,Airport,No Cars Available,2016 19:50:13
3700,Airport,No Cars Available,2016 19:50:19
3712,Airport,No Cars Available,2016 19:51:31
3698,Airport,No Cars Available,2016 19:51:48
3710,Airport,No Cars Available,2016 19:51:59
3714,Airport,No Cars Available,2016 19:53:41
3720,Airport,No Cars Available,2016 19:55:51
3719,Airport,No Cars Available,2016 19:58:25
3717,Airport,No Cars Available,2016 19:58:46
3715,Airport,No Cars Available,2016 19:59:20
3713,Airport,No Cars Available,2016 19:59:37
3716,Airport,No Cars Available,2016 20:01:01
3726,Airport,No Cars Available,2016 20:04:40
3724,Airport,No Cars Available,2016 20:04:44
3721,Airport,No Cars Available,2016 20:04:47
3729,Airport,No Cars Available,2016 20:05:16
3731,Airport,No Cars Available,2016 20:06:18
3733,Airport,No Cars Available,2016 20:10:18
3730,Airport,No Cars Available,2016 20:11:01
3735,Airport,No Cars Available,2016 20:11:29
3734,Airport,No Cars Available,2016 20:12:37
3737,Airport,No Cars Available,2016 20:19:40
3736,Airport,No Cars Available,2016 20:20:28
3746,Airport,No Cars Available,2016 20:22:32
3747,Airport,No Cars Available,2016 20:25:39
3751,Airport,No Cars Available,2016 20:29:44
3750,Airport,No Cars Available,2016 20:30:48
3752,Airport,No Cars Available,2016 20:31:09
3754,Airport,No Cars Available,2016 20:32:20
3749,Airport,No Cars Available,2016 20:32:47
3757,Airport,No Cars Available,2016 20:33:07
3765,Airport,No Cars Available,2016 20:35:05
3756,Airport,No Cars Available,2016 20:35:23
3764,Airport,No Cars Available,2016 20:35:36
3770,Airport,No Cars Available,2016 20:39:19
3778,Airport,No Cars Available,2016 20:40:26
3772,Airport,No Cars Available,2016 20:40:37
3760,Airport,No Cars Available,2016 20:40:53
3779,Airport,No Cars Available,2016 20:42:31
3773,Airport,No Cars Available,2016 20:43:54
3769,Airport,No Cars Available,2016 20:44:38
3781,Airport,No Cars Available,2016 20:44:50
3785,City,No Cars Available,2016 20:45:01
3776,Airport,No Cars Available,2016 20:45:56
3775,Airport,No Cars Available,2016 20:46:35
3783,Airport,No Cars Available,2016 20:48:35
3784,Airport,No Cars Available,2016 20:49:06
3787,Airport,No Cars Available,2016 20:49:24
3791,Airport,No Cars Available,2016 20:51:10
3796,Airport,No Cars Available,2016 20:51:18
3790,Airport,No Cars Available,2016 20:52:04
3792,Airport,No Cars Available,2016 20:53:15
3793,Airport,No Cars Available,2016 20:54:38
3797,Airport,No Cars Available,2016 20:56:07
3800,Airport,No Cars Available,2016 20:56:26
3803,Airport,No Cars Available,2016 20:58:17
3799,City,No Cars Available,2016 20:58:40
3802,Airport,No Cars Available,2016 21:00:00
3811,Airport,No Cars Available,2016 21:02:40
3805,Airport,No Cars Available,2016 21:03:19
3815,Airport,No Cars Available,2016 21:07:33
3812,City,No Cars Available,2016 21:09:20
3816,Airport,No Cars Available,2016 21:09:28
3821,Airport,No Cars Available,2016 21:10:59
3814,Airport,No Cars Available,2016 21:11:29
3829,Airport,No Cars Available,2016 21:13:20
3825,Airport,No Cars Available,2016 21:14:01
3833,Airport,No Cars Available,2016 21:18:49
3823,Airport,No Cars Available,2016 21:20:00
3828,City,No Cars Available,2016 21:20:59
3836,Airport,No Cars Available,2016 21:21:26
3824,Airport,No Cars Available,2016 21:22:11
3832,Airport,No Cars Available,2016 21:23:59
3846,Airport,No Cars Available,2016 21:25:46
3837,Airport,No Cars Available,2016 21:27:41
3835,Airport,No Cars Available,2016 21:27:42
3838,Airport,No Cars Available,2016 21:28:20
3844,Airport,No Cars Available,2016 21:28:29
3845,Airport,No Cars Available,2016 21:30:19
3842,Airport,No Cars Available,2016 21:33:44
3853,Airport,No Cars Available,2016 21:34:46
3848,Airport,No Cars Available,2016 21:34:47
3860,Airport,No Cars Available,2016 21:36:01
3855,Airport,No Cars Available,2016 21:36:25
3862,City,No Cars Available,2016 21:37:00
3854,Airport,No Cars Available,2016 21:37:17
3851,Airport,No Cars Available,2016 21:38:06
3858,Airport,No Cars Available,2016 21:38:48
3869,Airport,No Cars Available,2016 21:43:47
3864,Airport,No Cars Available,2016 21:45:06
3861,Airport,No Cars Available,2016 21:47:25
3873,Airport,No Cars Available,2016 21:47:58
3868,Airport,No Cars Available,2016 21:48:20
3870,Airport,No Cars Available,2016 21:48:57
3871,Airport,No Cars Available,2016 21:49:18
3884,Airport,No Cars Available,2016 21:51:47
3878,Airport,No Cars Available,2016 21:51:55
3894,Airport,No Cars Available,2016 21:52:24
3885,Airport,No Cars Available,2016 21:53:07
3877,Airport,No Cars Available,2016 21:53:34
3886,Airport,No Cars Available,2016 21:53:48
3874,Airport,No Cars Available,2016 21:54:13
3893,Airport,No Cars Available,2016 21:56:38
3891,Airport,No Cars Available,2016 21:57:08
3888,Airport,No Cars Available,2016 21:57:45
3876,Airport,No Cars Available,2016 21:58:16
3875,Airport,No Cars Available,2016 21:59:13
3898,Airport,No Cars Available,2016 21:59:30
3895,Airport,No Cars Available,2016 22:01:49
3900,Airport,No Cars Available,2016 22:03:00
3904,Airport,No Cars Available,2016 22:03:45
3892,Airport,No Cars Available,2016 22:05:11
3899,Airport,No Cars Available,2016 22:05:37
3910,Airport,No Cars Available,2016 22:05:57
3901,Airport,No Cars Available,2016 22:09:27
3902,Airport,No Cars Available,2016 22:09:31
3903,Airport,No Cars Available,2016 22:11:11
3906,Airport,No Cars Available,2016 22:12:01
3907,Airport,No Cars Available,2016 22:12:13
3918,City,No Cars Available,2016 22:12:25
3912,Airport,No Cars Available,2016 22:12:35
3928,City,No Cars Available,2016 22:14:33
3911,Airport,No Cars Available,2016 22:14:56
3923,City,No Cars Available,2016 22:18:14
3922,City,No Cars Available,2016 22:18:36
3931,Airport,No Cars Available,2016 22:21:30
3930,City,No Cars Available,2016 22:22:57
3921,City,No Cars Available,2016 22:23:03
3926,Airport,No Cars Available,2016 22:23:25
3919,Airport,No Cars Available,2016 22:23:26
3933,Airport,No Cars Available,2016 22:27:01
3937,City,No Cars Available,2016 22:28:10
3929,Airport,No Cars Available,2016 22:28:45
3941,City,No Cars Available,2016 22:30:11
3936,City,No Cars Available,2016 22:30:44
3946,Airport,No Cars Available,2016 22:36:50
3938,City,No Cars Available,2016 22:37:24
3949,City,No Cars Available,2016 22:40:37
3958,Airport,No Cars Available,2016 22:46:01
3951,Airport,No Cars Available,2016 22:46:03
3962,City,No Cars Available,2016 22:47:26
3961,City,No Cars Available,2016 22:50:57
3963,Airport,No Cars Available,2016 22:55:25
3967,City,No Cars Available,2016 22:57:16
3968,Airport,No Cars Available,2016 22:59:34
3971,City,No Cars Available,2016 22:59:42
3972,City,No Cars Available,2016 23:00:38
3975,City,No Cars Available,2016 23:04:37
3976,City,No Cars Available,2016 23:07:56
3980,City,No Cars Available,2016 23:16:12
3984,Airport,No Cars Available,2016 23:17:02
3986,Airport,No Cars Available,2016 23:17:29
3988,City,No Cars Available,2016 23:23:36
3995,City,No Cars Available,2016 23:36:17
3998,Airport,No Cars Available,2016 23:39:08
4001,City,No Cars Available,2016 23:39:52
4006,City,No Cars Available,2016 23:45:17
4000,City,No Cars Available,2016 23:47:49
4017,City,No Cars Available,2016 23:50:18
4010,Airport,No Cars Available,2016 23:50:50
4015,City,No Cars Available,2016 23:52:32
4013,City,No Cars Available,2016 23:53:32
4014,City,No Cars Available,2016 23:56:55
4016,City,No Cars Available,2016 23:59:02
4028,City,No Cars Available,2016 00:09:03
4029,City,No Cars Available,2016 00:14:26
4032,City,No Cars Available,2016 00:15:43
4033,Airport,No Cars Available,2016 00:25:33
4034,City,No Cars Available,2016 00:29:50
4035,Airport,No Cars Available,2016 00:31:24
4036,Airport,No Cars Available,2016 00:31:57
4038,Airport,No Cars Available,2016 00:34:22
4042,Airport,No Cars Available,2016 00:39:13
4044,Airport,No Cars Available,2016 00:51:37
4046,City,No Cars Available,2016 00:57:03
4047,City,No Cars Available,2016 01:00:53
4048,Airport,No Cars Available,2016 01:03:27
4050,City,No Cars Available,2016 01:10:22
4053,Airport,No Cars Available,2016 01:15:26
4052,City,No Cars Available,2016 01:16:34
4055,City,No Cars Available,2016 01:22:56
4054,City,No Cars Available,2016 01:23:08
4056,City,No Cars Available,2016 01:25:25
4058,Airport,No Cars Available,2016 01:27:38
4057,City,No Cars Available,2016 01:29:49
4061,City,No Cars Available,2016 01:33:55
4059,City,No Cars Available,2016 01:35:55
4063,City,No Cars Available,2016 01:36:26
4062,Airport,No Cars Available,2016 01:42:36
4064,City,No Cars Available,2016 01:48:00
4068,Airport,No Cars Available,2016 01:59:16
4067,City,No Cars Available,2016 02:00:05
4069,City,No Cars Available,2016 02:02:39
4071,City,No Cars Available,2016 02:03:03
4070,City,No Cars Available,2016 02:03:04
4072,City,No Cars Available,2016 02:04:37
4076,Airport,No Cars Available,2016 02:16:28
4074,City,No Cars Available,2016 02:18:01
4080,Airport,No Cars Available,2016 02:29:31
4083,City,No Cars Available,2016 02:35:50
4086,City,No Cars Available,2016 02:46:05
4089,City,No Cars Available,2016 02:52:38
4088,City,No Cars Available,2016 02:53:34
4090,Airport,No Cars Available,2016 02:55:11
4095,Airport,No Cars Available,2016 03:10:03
4096,City,No Cars Available,2016 03:13:22
4099,City,No Cars Available,2016 03:22:45
4100,Airport,No Cars Available,2016 03:30:27
4101,City,No Cars Available,2016 03:31:37
4104,Airport,No Cars Available,2016 03:38:21
4102,Airport,No Cars Available,2016 03:38:51
4103,Airport,No Cars Available,2016 03:39:43
4106,City,No Cars Available,2016 03:45:15
4107,City,No Cars Available,2016 03:51:51
4110,Airport,No Cars Available,2016 03:58:07
4113,City,No Cars Available,2016 04:00:13
4109,City,No Cars Available,2016 04:02:26
4112,Airport,No Cars Available,2016 04:03:52
4111,City,No Cars Available,2016 04:06:34
4115,City,No Cars Available,2016 04:11:42
4116,Airport,No Cars Available,2016 04:13:48
4120,City,No Cars Available,2016 04:27:49
4123,City,No Cars Available,2016 04:38:53
4131,City,No Cars Available,2016 04:41:23
4124,City,No Cars Available,2016 04:41:36
4127,City,No Cars Available,2016 04:46:22
4132,City,No Cars Available,2016 04:46:47
4139,City,No Cars Available,2016 04:48:44
4135,Airport,No Cars Available,2016 04:49:00
4138,City,No Cars Available,2016 04:49:41
4142,City,No Cars Available,2016 04:50:32
4152,City,No Cars Available,2016 04:55:34
4149,City,No Cars Available,2016 04:59:37
4159,Airport,No Cars Available,2016 05:05:36
4172,City,No Cars Available,2016 05:17:05
4190,City,No Cars Available,2016 05:21:22
4193,City,No Cars Available,2016 05:25:23
4181,City,No Cars Available,2016 05:25:50
4191,City,No Cars Available,2016 05:32:02
4200,City,No Cars Available,2016 05:32:43
4208,City,No Cars Available,2016 05:39:05
4219,City,No Cars Available,2016 05:42:18
4220,City,No Cars Available,2016 05:43:43
4217,City,No Cars Available,2016 05:45:53
4237,City,No Cars Available,2016 05:52:54
4228,City,No Cars Available,2016 05:53:49
4240,City,No Cars Available,2016 05:56:28
4229,City,No Cars Available,2016 05:56:44
4246,City,No Cars Available,2016 05:58:24
4244,City,No Cars Available,2016 06:00:16
4241,City,No Cars Available,2016 06:01:09
4247,City,No Cars Available,2016 06:03:24
4256,City,No Cars Available,2016 06:05:59
4259,City,No Cars Available,2016 06:10:09
4265,City,No Cars Available,2016 06:12:03
4261,City,No Cars Available,2016 06:12:50
4262,City,No Cars Available,2016 06:15:24
4267,City,No Cars Available,2016 06:17:08
4269,City,No Cars Available,2016 06:19:24
4275,City,No Cars Available,2016 06:22:46
4279,City,No Cars Available,2016 06:29:00
4282,City,No Cars Available,2016 06:31:08
4283,City,No Cars Available,2016 06:31:54
4289,City,No Cars Available,2016 06:35:49
4291,City,No Cars Available,2016 06:40:00
4292,City,No Cars Available,2016 06:42:26
4295,City,No Cars Available,2016 06:42:45
4306,City,No Cars Available,2016 06:49:36
4309,Airport,No Cars Available,2016 06:50:07
4317,City,No Cars Available,2016 06:51:18
4318,City,No Cars Available,2016 06:51:23
4307,City,No Cars Available,2016 06:56:08
4320,City,No Cars Available,2016 07:02:37
4324,City,No Cars Available,2016 07:04:11
4333,City,No Cars Available,2016 07:13:05
4344,City,No Cars Available,2016 07:15:56
4334,City,No Cars Available,2016 07:18:15
4347,City,No Cars Available,2016 07:18:44
4352,City,No Cars Available,2016 07:21:03
4348,City,No Cars Available,2016 07:23:46
4353,City,No Cars Available,2016 07:24:00
4362,City,No Cars Available,2016 07:30:16
4367,City,No Cars Available,2016 07:35:22
4373,City,No Cars Available,2016 07:39:56
4382,City,No Cars Available,2016 07:48:04
4393,City,No Cars Available,2016 07:54:34
4394,City,No Cars Available,2016 08:00:33
4405,City,No Cars Available,2016 08:01:13
4407,City,No Cars Available,2016 08:08:27
4412,City,No Cars Available,2016 08:11:45
4424,City,No Cars Available,2016 08:17:26
4437,City,No Cars Available,2016 08:24:18
4436,City,No Cars Available,2016 08:24:27
4432,City,No Cars Available,2016 08:24:31
4429,City,No Cars Available,2016 08:25:23
4449,City,No Cars Available,2016 08:29:45
4453,City,No Cars Available,2016 08:36:08
4460,City,No Cars Available,2016 08:36:39
4474,City,No Cars Available,2016 08:43:46
4466,City,No Cars Available,2016 08:46:09
4473,City,No Cars Available,2016 08:48:43
4477,City,No Cars Available,2016 08:51:05
4493,City,No Cars Available,2016 08:52:53
4494,City,No Cars Available,2016 08:58:03
4490,City,No Cars Available,2016 09:00:23
4508,City,No Cars Available,2016 09:05:56
4495,City,No Cars Available,2016 09:06:02
4513,City,No Cars Available,2016 09:06:46
4502,City,No Cars Available,2016 09:07:30
4528,City,No Cars Available,2016 09:27:58
4526,City,No Cars Available,2016 09:28:49
4522,Airport,No Cars Available,2016 09:28:53
4537,City,No Cars Available,2016 09:36:28
4541,City,No Cars Available,2016 09:37:21
4550,City,No Cars Available,2016 09:38:24
4554,City,No Cars Available,2016 09:42:36
4551,City,No Cars Available,2016 09:42:54
4553,Airport,No Cars Available,2016 09:43:53
4565,City,No Cars Available,2016 09:45:20
4549,Airport,No Cars Available,2016 09:46:03
4548,City,No Cars Available,2016 09:46:09
4555,City,No Cars Available,2016 09:46:31
4559,City,No Cars Available,2016 09:49:25
4564,City,No Cars Available,2016 09:52:52
4587,City,No Cars Available,2016 09:59:45
4584,City,No Cars Available,2016 10:00:10
4585,City,No Cars Available,2016 10:00:11
4583,City,No Cars Available,2016 10:01:39
4582,City,No Cars Available,2016 10:03:34
4589,City,No Cars Available,2016 10:06:29
4596,City,No Cars Available,2016 10:07:11
4595,City,No Cars Available,2016 10:07:56
4591,City,No Cars Available,2016 10:08:31
4597,City,No Cars Available,2016 10:08:43
4598,City,No Cars Available,2016 10:12:33
4590,City,No Cars Available,2016 10:13:11
4606,Airport,No Cars Available,2016 10:19:58
4608,Airport,No Cars Available,2016 10:23:43
4604,City,No Cars Available,2016 10:25:40
4613,City,No Cars Available,2016 10:43:18
4616,City,No Cars Available,2016 10:55:38
4622,Airport,No Cars Available,2016 11:00:28
4617,City,No Cars Available,2016 11:02:20
4619,Airport,No Cars Available,2016 11:04:37
4629,City,No Cars Available,2016 11:11:21
4633,City,No Cars Available,2016 11:21:02
4634,City,No Cars Available,2016 11:30:31
4636,City,No Cars Available,2016 11:32:34
4640,Airport,No Cars Available,2016 11:39:12
4647,City,No Cars Available,2016 11:50:35
4650,Airport,No Cars Available,2016 11:58:16
4662,Airport,No Cars Available,2016 12:13:01
4660,City,No Cars Available,2016 12:13:24
4666,Airport,No Cars Available,2016 12:26:36
4670,Airport,No Cars Available,2016 12:36:33
4675,City,No Cars Available,2016 12:39:26
4676,Airport,No Cars Available,2016 12:44:22
4682,Airport,No Cars Available,2016 12:49:15
4678,City,No Cars Available,2016 12:49:20
4688,Airport,No Cars Available,2016 13:03:07
4692,City,No Cars Available,2016 13:04:58
4689,City,No Cars Available,2016 13:09:42
4697,City,No Cars Available,2016 13:12:54
4705,Airport,No Cars Available,2016 13:13:02
4707,City,No Cars Available,2016 13:13:28
4704,City,No Cars Available,2016 13:16:08
4708,City,No Cars Available,2016 13:18:20
4703,Airport,No Cars Available,2016 13:18:56
4725,Airport,No Cars Available,2016 13:56:39
4734,Airport,No Cars Available,2016 14:37:02
4742,Airport,No Cars Available,2016 15:00:36
4744,Airport,No Cars Available,2016 15:03:28
4746,City,No Cars Available,2016 15:10:29
4749,Airport,No Cars Available,2016 15:11:40
4764,City,No Cars Available,2016 15:30:46
4763,City,No Cars Available,2016 15:33:56
4772,City,No Cars Available,2016 15:55:09
4778,City,No Cars Available,2016 16:21:48
4781,Airport,No Cars Available,2016 16:29:23
4782,Airport,No Cars Available,2016 16:33:22
4785,City,No Cars Available,2016 16:42:53
4789,City,No Cars Available,2016 16:44:59
4793,City,No Cars Available,2016 16:47:30
4794,City,No Cars Available,2016 16:55:09
4804,City,No Cars Available,2016 17:02:52
4806,City,No Cars Available,2016 17:06:55
4808,Airport,No Cars Available,2016 17:14:22
4809,Airport,No Cars Available,2016 17:14:31
4816,Airport,No Cars Available,2016 17:14:49
4807,Airport,No Cars Available,2016 17:15:22
4817,Airport,No Cars Available,2016 17:17:26
4819,Airport,No Cars Available,2016 17:18:14
4811,Airport,No Cars Available,2016 17:18:21
4818,Airport,No Cars Available,2016 17:20:56
4836,Airport,No Cars Available,2016 17:21:14
4821,Airport,No Cars Available,2016 17:21:48
4826,Airport,No Cars Available,2016 17:24:44
4824,Airport,No Cars Available,2016 17:24:53
4820,Airport,No Cars Available,2016 17:25:02
4827,Airport,No Cars Available,2016 17:25:30
4832,Airport,No Cars Available,2016 17:26:50
4838,Airport,No Cars Available,2016 17:27:16
4840,Airport,No Cars Available,2016 17:27:31
4835,Airport,No Cars Available,2016 17:27:45
4841,Airport,No Cars Available,2016 17:27:46
4843,Airport,No Cars Available,2016 17:28:37
4839,Airport,No Cars Available,2016 17:28:58
4844,Airport,No Cars Available,2016 17:30:35
4833,Airport,No Cars Available,2016 17:30:47
4837,Airport,No Cars Available,2016 17:30:51
4853,Airport,No Cars Available,2016 17:33:46
4852,City,No Cars Available,2016 17:34:06
4856,Airport,No Cars Available,2016 17:34:34
4855,Airport,No Cars Available,2016 17:34:36
4861,Airport,No Cars Available,2016 17:34:46
4846,Airport,No Cars Available,2016 17:35:02
4864,Airport,No Cars Available,2016 17:35:59
4842,Airport,No Cars Available,2016 17:36:08
4851,Airport,No Cars Available,2016 17:36:45
4845,Airport,No Cars Available,2016 17:37:44
4860,Airport,No Cars Available,2016 17:38:56
4871,Airport,No Cars Available,2016 17:43:04
4870,Airport,No Cars Available,2016 17:43:44
4873,Airport,No Cars Available,2016 17:44:27
4868,Airport,No Cars Available,2016 17:44:39
4874,Airport,No Cars Available,2016 17:47:02
4867,Airport,No Cars Available,2016 17:47:04
4878,Airport,No Cars Available,2016 17:48:48
4872,Airport,No Cars Available,2016 17:50:53
4877,Airport,No Cars Available,2016 17:51:28
4888,Airport,No Cars Available,2016 17:52:06
4882,Airport,No Cars Available,2016 17:53:51
4891,Airport,No Cars Available,2016 17:55:37
4881,Airport,No Cars Available,2016 17:56:02
4883,Airport,No Cars Available,2016 17:56:19
4887,Airport,No Cars Available,2016 17:58:23
4896,Airport,No Cars Available,2016 17:58:25
4893,Airport,No Cars Available,2016 18:00:30
4897,Airport,No Cars Available,2016 18:01:06
4910,Airport,No Cars Available,2016 18:02:21
4900,Airport,No Cars Available,2016 18:04:03
4894,Airport,No Cars Available,2016 18:04:57
4895,Airport,No Cars Available,2016 18:06:45
4914,Airport,No Cars Available,2016 18:10:00
4907,Airport,No Cars Available,2016 18:10:12
4903,Airport,No Cars Available,2016 18:10:29
4913,Airport,No Cars Available,2016 18:10:46
4912,Airport,No Cars Available,2016 18:11:14
4917,Airport,No Cars Available,2016 18:13:32
4918,Airport,No Cars Available,2016 18:14:47
4923,Airport,No Cars Available,2016 18:15:14
4916,Airport,No Cars Available,2016 18:15:19
4924,Airport,No Cars Available,2016 18:15:44
4920,Airport,No Cars Available,2016 18:15:49
4922,Airport,No Cars Available,2016 18:16:24
4927,Airport,No Cars Available,2016 18:16:43
4925,Airport,No Cars Available,2016 18:17:23
4934,Airport,No Cars Available,2016 18:17:40
4930,Airport,No Cars Available,2016 18:22:17
4935,Airport,No Cars Available,2016 18:22:19
4946,Airport,No Cars Available,2016 18:25:40
4942,Airport,No Cars Available,2016 18:26:09
4939,Airport,No Cars Available,2016 18:28:38
4945,Airport,No Cars Available,2016 18:29:35
4952,Airport,No Cars Available,2016 18:29:44
4956,Airport,No Cars Available,2016 18:30:19
4947,Airport,No Cars Available,2016 18:30:56
4955,Airport,No Cars Available,2016 18:31:07
4959,Airport,No Cars Available,2016 18:32:30
4962,Airport,No Cars Available,2016 18:33:44
4961,Airport,No Cars Available,2016 18:34:46
4957,Airport,No Cars Available,2016 18:34:48
4960,Airport,No Cars Available,2016 18:36:00
4953,Airport,No Cars Available,2016 18:36:15
4951,Airport,No Cars Available,2016 18:36:25
4967,Airport,No Cars Available,2016 18:36:36
4954,Airport,No Cars Available,2016 18:37:26
4965,Airport,No Cars Available,2016 18:38:01
4972,Airport,No Cars Available,2016 18:44:15
4983,City,No Cars Available,2016 18:44:16
4989,Airport,No Cars Available,2016 18:45:12
4973,Airport,No Cars Available,2016 18:45:17
4980,Airport,No Cars Available,2016 18:47:22
4982,Airport,No Cars Available,2016 18:47:23
4970,Airport,No Cars Available,2016 18:47:37
4984,Airport,No Cars Available,2016 18:48:28
4990,Airport,No Cars Available,2016 18:48:36
4985,Airport,No Cars Available,2016 18:48:45
4992,Airport,No Cars Available,2016 18:48:59
4991,Airport,No Cars Available,2016 18:49:48
4979,Airport,No Cars Available,2016 18:49:50
4994,Airport,No Cars Available,2016 18:52:21
4993,Airport,No Cars Available,2016 18:53:04
4988,Airport,No Cars Available,2016 18:53:59
4995,Airport,No Cars Available,2016 18:55:12
5000,Airport,No Cars Available,2016 18:56:45
5002,Airport,No Cars Available,2016 18:56:55
5004,Airport,No Cars Available,2016 18:57:20
5006,Airport,No Cars Available,2016 18:57:54
5007,Airport,No Cars Available,2016 18:58:17
5003,Airport,No Cars Available,2016 18:58:31
5009,Airport,No Cars Available,2016 19:00:24
4999,Airport,No Cars Available,2016 19:01:06
5008,Airport,No Cars Available,2016 19:02:20
5011,Airport,No Cars Available,2016 19:02:20
5014,City,No Cars Available,2016 19:02:30
5015,Airport,No Cars Available,2016 19:04:05
5005,Airport,No Cars Available,2016 19:04:18
5010,Airport,No Cars Available,2016 19:05:28
5026,Airport,No Cars Available,2016 19:05:47
5022,Airport,No Cars Available,2016 19:06:09
5016,Airport,No Cars Available,2016 19:06:13
5021,Airport,No Cars Available,2016 19:06:43
5020,Airport,No Cars Available,2016 19:08:13
5018,Airport,No Cars Available,2016 19:09:22
5037,Airport,No Cars Available,2016 19:10:01
5027,Airport,No Cars Available,2016 19:10:41
5030,Airport,No Cars Available,2016 19:11:50
5034,Airport,No Cars Available,2016 19:12:03
5028,Airport,No Cars Available,2016 19:13:31
5036,Airport,No Cars Available,2016 19:17:42
5048,Airport,No Cars Available,2016 19:18:29
5035,Airport,No Cars Available,2016 19:18:43
5040,Airport,No Cars Available,2016 19:20:18
5043,Airport,No Cars Available,2016 19:20:59
5059,Airport,No Cars Available,2016 19:21:15
5047,Airport,No Cars Available,2016 19:22:15
5045,Airport,No Cars Available,2016 19:22:50
5055,Airport,No Cars Available,2016 19:24:18
5044,Airport,No Cars Available,2016 19:24:24
5062,Airport,No Cars Available,2016 19:24:34
5057,Airport,No Cars Available,2016 19:24:50
5049,Airport,No Cars Available,2016 19:25:41
5054,Airport,No Cars Available,2016 19:26:40
5052,Airport,No Cars Available,2016 19:26:41
5046,Airport,No Cars Available,2016 19:27:26
5058,Airport,No Cars Available,2016 19:27:35
5053,Airport,No Cars Available,2016 19:28:12
5063,Airport,No Cars Available,2016 19:29:37
5068,Airport,No Cars Available,2016 19:30:46
5065,Airport,No Cars Available,2016 19:31:43
5069,Airport,No Cars Available,2016 19:33:02
5067,Airport,No Cars Available,2016 19:34:56
5074,Airport,No Cars Available,2016 19:36:02
5073,Airport,No Cars Available,2016 19:36:34
5072,Airport,No Cars Available,2016 19:38:32
5078,Airport,No Cars Available,2016 19:39:27
5083,Airport,No Cars Available,2016 19:41:27
5080,Airport,No Cars Available,2016 19:44:00
5085,Airport,No Cars Available,2016 19:44:45
5077,Airport,No Cars Available,2016 19:45:37
5084,Airport,No Cars Available,2016 19:46:14
5090,Airport,No Cars Available,2016 19:47:18
5092,Airport,No Cars Available,2016 19:47:30
5082,Airport,No Cars Available,2016 19:49:25
5091,Airport,No Cars Available,2016 19:49:28
5087,Airport,No Cars Available,2016 19:50:05
5093,Airport,No Cars Available,2016 19:52:10
5081,Airport,No Cars Available,2016 19:52:43
5102,Airport,No Cars Available,2016 19:53:40
5114,Airport,No Cars Available,2016 19:54:10
5094,Airport,No Cars Available,2016 19:54:29
5103,Airport,No Cars Available,2016 19:56:17
5101,City,No Cars Available,2016 19:56:21
5107,City,No Cars Available,2016 19:57:06
5119,Airport,No Cars Available,2016 19:57:52
5104,Airport,No Cars Available,2016 19:58:32
5109,Airport,No Cars Available,2016 19:59:18
5112,Airport,No Cars Available,2016 19:59:48
5117,Airport,No Cars Available,2016 19:59:48
5099,Airport,No Cars Available,2016 19:59:58
5118,City,No Cars Available,2016 20:00:48
5106,Airport,No Cars Available,2016 20:00:55
5110,Airport,No Cars Available,2016 20:02:23
5111,Airport,No Cars Available,2016 20:03:50
5120,Airport,No Cars Available,2016 20:04:55
5121,Airport,No Cars Available,2016 20:06:35
5123,Airport,No Cars Available,2016 20:06:40
5124,Airport,No Cars Available,2016 20:07:58
5127,Airport,No Cars Available,2016 20:08:34
5126,Airport,No Cars Available,2016 20:09:06
5125,Airport,No Cars Available,2016 20:09:13
5113,City,No Cars Available,2016 20:09:49
5130,Airport,No Cars Available,2016 20:10:11
5129,Airport,No Cars Available,2016 20:10:31
5138,Airport,No Cars Available,2016 20:12:41
5128,Airport,No Cars Available,2016 20:12:46
5131,City,No Cars Available,2016 20:13:12
5134,Airport,No Cars Available,2016 20:13:32
5137,Airport,No Cars Available,2016 20:13:35
5143,Airport,No Cars Available,2016 20:14:35
5140,Airport,No Cars Available,2016 20:14:50
5139,Airport,No Cars Available,2016 20:15:50
5135,Airport,No Cars Available,2016 20:16:25
5146,Airport,No Cars Available,2016 20:16:45
5148,Airport,No Cars Available,2016 20:18:17
5151,Airport,No Cars Available,2016 20:19:48
5136,Airport,No Cars Available,2016 20:20:39
5147,Airport,No Cars Available,2016 20:21:30
5159,Airport,No Cars Available,2016 20:22:44
5152,Airport,No Cars Available,2016 20:23:19
5162,Airport,No Cars Available,2016 20:24:20
5161,Airport,No Cars Available,2016 20:24:33
5150,Airport,No Cars Available,2016 20:26:03
5156,Airport,No Cars Available,2016 20:26:14
5155,Airport,No Cars Available,2016 20:26:22
5158,Airport,No Cars Available,2016 20:27:10
5170,Airport,No Cars Available,2016 20:29:01
5165,Airport,No Cars Available,2016 20:30:55
5169,Airport,No Cars Available,2016 20:31:29
5157,Airport,No Cars Available,2016 20:31:56
5177,Airport,No Cars Available,2016 20:33:07
5167,Airport,No Cars Available,2016 20:33:29
5173,Airport,No Cars Available,2016 20:33:48
5168,Airport,No Cars Available,2016 20:33:53
5166,Airport,No Cars Available,2016 20:34:28
5183,Airport,No Cars Available,2016 20:34:55
5178,Airport,No Cars Available,2016 20:35:30
5180,Airport,No Cars Available,2016 20:36:38
5179,Airport,No Cars Available,2016 20:37:22
5172,Airport,No Cars Available,2016 20:37:49
5182,Airport,No Cars Available,2016 20:38:19
5181,Airport,No Cars Available,2016 20:39:20
5187,Airport,No Cars Available,2016 20:42:36
5189,Airport,No Cars Available,2016 20:44:16
5186,Airport,No Cars Available,2016 20:45:34
5191,City,No Cars Available,2016 20:46:54
5188,Airport,No Cars Available,2016 20:48:19
5196,Airport,No Cars Available,2016 20:48:23
5190,Airport,No Cars Available,2016 20:49:42
5201,Airport,No Cars Available,2016 20:50:20
5197,Airport,No Cars Available,2016 20:50:35
5195,Airport,No Cars Available,2016 20:50:45
5192,Airport,No Cars Available,2016 20:52:06
5211,Airport,No Cars Available,2016 20:52:29
5204,City,No Cars Available,2016 20:53:20
5203,Airport,No Cars Available,2016 20:54:01
5206,Airport,No Cars Available,2016 20:54:14
5212,Airport,No Cars Available,2016 20:55:44
5218,Airport,No Cars Available,2016 20:56:01
5205,Airport,No Cars Available,2016 20:56:53
5215,Airport,No Cars Available,2016 20:58:21
5213,Airport,No Cars Available,2016 21:01:14
5229,Airport,No Cars Available,2016 21:02:42
5223,Airport,No Cars Available,2016 21:03:46
5220,Airport,No Cars Available,2016 21:04:06
5222,Airport,No Cars Available,2016 21:05:08
5226,Airport,No Cars Available,2016 21:05:37
5238,Airport,No Cars Available,2016 21:06:15
5236,Airport,No Cars Available,2016 21:06:40
5231,Airport,No Cars Available,2016 21:08:03
5230,Airport,No Cars Available,2016 21:09:10
5237,Airport,No Cars Available,2016 21:09:26
5232,Airport,No Cars Available,2016 21:10:04
5240,Airport,No Cars Available,2016 21:11:16
5233,City,No Cars Available,2016 21:11:18
5239,Airport,No Cars Available,2016 21:12:36
5242,Airport,No Cars Available,2016 21:13:02
5246,Airport,No Cars Available,2016 21:13:41
5228,Airport,No Cars Available,2016 21:14:49
5249,Airport,No Cars Available,2016 21:15:21
5245,Airport,No Cars Available,2016 21:17:05
5257,Airport,No Cars Available,2016 21:18:16
5247,Airport,No Cars Available,2016 21:18:25
5244,Airport,No Cars Available,2016 21:18:49
5252,Airport,No Cars Available,2016 21:22:57
5250,Airport,No Cars Available,2016 21:23:38
5253,Airport,No Cars Available,2016 21:23:40
5256,Airport,No Cars Available,2016 21:24:01
5261,Airport,No Cars Available,2016 21:25:25
5260,Airport,No Cars Available,2016 21:26:42
5258,Airport,No Cars Available,2016 21:27:13
5267,Airport,No Cars Available,2016 21:28:13
5262,Airport,No Cars Available,2016 21:28:54
5259,Airport,No Cars Available,2016 21:30:20
5265,Airport,No Cars Available,2016 21:30:22
5280,Airport,No Cars Available,2016 21:34:50
5279,Airport,No Cars Available,2016 21:34:54
5264,Airport,No Cars Available,2016 21:34:56
5281,Airport,No Cars Available,2016 21:35:55
5269,Airport,No Cars Available,2016 21:36:33
5277,Airport,No Cars Available,2016 21:37:00
5282,Airport,No Cars Available,2016 21:37:02
5278,Airport,No Cars Available,2016 21:38:13
5283,Airport,No Cars Available,2016 21:39:15
5274,Airport,No Cars Available,2016 21:40:58
5301,Airport,No Cars Available,2016 21:48:17
5296,Airport,No Cars Available,2016 21:49:15
5299,Airport,No Cars Available,2016 21:49:20
5293,Airport,No Cars Available,2016 21:50:36
5292,Airport,No Cars Available,2016 21:52:13
5302,Airport,No Cars Available,2016 21:53:35
5303,Airport,No Cars Available,2016 21:54:00
5298,Airport,No Cars Available,2016 21:54:37
5304,Airport,No Cars Available,2016 21:56:00
5305,Airport,No Cars Available,2016 21:56:02
5308,Airport,No Cars Available,2016 21:58:07
5309,Airport,No Cars Available,2016 21:58:18
5312,Airport,No Cars Available,2016 21:58:40
5311,Airport,No Cars Available,2016 22:00:48
5306,Airport,No Cars Available,2016 22:01:48
5307,Airport,No Cars Available,2016 22:03:36
5310,Airport,No Cars Available,2016 22:04:21
5315,Airport,No Cars Available,2016 22:05:34
5314,Airport,No Cars Available,2016 22:05:56
5322,Airport,No Cars Available,2016 22:06:23
5316,Airport,No Cars Available,2016 22:06:30
5319,Airport,No Cars Available,2016 22:08:03
5317,Airport,No Cars Available,2016 22:09:42
5323,Airport,No Cars Available,2016 22:13:46
5320,Airport,No Cars Available,2016 22:13:58
5324,Airport,No Cars Available,2016 22:14:46
5329,Airport,No Cars Available,2016 22:15:42
5330,Airport,No Cars Available,2016 22:19:56
5331,Airport,No Cars Available,2016 22:20:30
5333,Airport,No Cars Available,2016 22:22:35
5332,City,No Cars Available,2016 22:22:39
5334,City,No Cars Available,2016 22:23:02
5339,City,No Cars Available,2016 22:28:16
5343,City,No Cars Available,2016 22:35:51
5346,Airport,No Cars Available,2016 22:46:35
5353,Airport,No Cars Available,2016 22:54:09
5351,City,No Cars Available,2016 22:54:12
5356,Airport,No Cars Available,2016 23:06:44
5355,City,No Cars Available,2016 23:10:05
5363,Airport,No Cars Available,2016 23:19:41
5362,Airport,No Cars Available,2016 23:22:24
5361,Airport,No Cars Available,2016 23:22:28
5365,City,No Cars Available,2016 23:24:27
5372,City,No Cars Available,2016 23:38:08
5369,Airport,No Cars Available,2016 23:39:47
5371,Airport,No Cars Available,2016 23:41:09
5375,Airport,No Cars Available,2016 23:42:27
5376,City,No Cars Available,2016 23:43:02
5378,Airport,No Cars Available,2016 23:52:06
6765,Airport,No Cars Available,2016 00:09:09
5388,Airport,No Cars Available,2016 00:19:05
5387,City,No Cars Available,2016 00:19:53
5389,Airport,No Cars Available,2016 00:20:15
5386,City,No Cars Available,2016 00:20:52
5390,Airport,No Cars Available,2016 00:26:36
5391,City,No Cars Available,2016 00:26:39
5393,Airport,No Cars Available,2016 00:30:35
5397,City,No Cars Available,2016 00:52:01
5395,Airport,No Cars Available,2016 00:53:01
5398,City,No Cars Available,2016 01:02:15
5401,City,No Cars Available,2016 01:04:28
5403,Airport,No Cars Available,2016 01:14:00
5405,Airport,No Cars Available,2016 01:20:44
5406,City,No Cars Available,2016 01:27:47
5407,Airport,No Cars Available,2016 01:31:34
5408,City,No Cars Available,2016 01:37:01
5411,Airport,No Cars Available,2016 01:43:11
5412,Airport,No Cars Available,2016 01:49:06
5413,Airport,No Cars Available,2016 01:50:12
5414,Airport,No Cars Available,2016 01:51:08
5415,City,No Cars Available,2016 01:51:17
5416,City,No Cars Available,2016 01:53:20
5417,Airport,No Cars Available,2016 01:59:17
5420,Airport,No Cars Available,2016 02:09:15
5427,City,No Cars Available,2016 02:20:24
5426,Airport,No Cars Available,2016 02:22:32
5429,Airport,No Cars Available,2016 02:38:44
5433,City,No Cars Available,2016 02:41:29
5432,Airport,No Cars Available,2016 02:42:51
5438,City,No Cars Available,2016 02:59:36
5436,City,No Cars Available,2016 02:59:38
5443,City,No Cars Available,2016 03:03:18
5441,City,No Cars Available,2016 03:06:28
5445,Airport,No Cars Available,2016 03:07:48
5442,Airport,No Cars Available,2016 03:08:38
5439,City,No Cars Available,2016 03:13:10
5449,City,No Cars Available,2016 03:18:52
5447,City,No Cars Available,2016 03:19:59
5450,City,No Cars Available,2016 03:21:40
5451,Airport,No Cars Available,2016 03:25:14
5446,City,No Cars Available,2016 03:25:23
5452,Airport,No Cars Available,2016 03:28:06
5456,Airport,No Cars Available,2016 03:45:59
5454,Airport,No Cars Available,2016 03:47:26
5458,Airport,No Cars Available,2016 04:00:41
5459,Airport,No Cars Available,2016 04:03:50
5461,Airport,No Cars Available,2016 04:10:18
5462,Airport,No Cars Available,2016 04:20:15
5463,Airport,No Cars Available,2016 04:20:46
5464,City,No Cars Available,2016 04:21:04
5465,Airport,No Cars Available,2016 04:29:02
5466,Airport,No Cars Available,2016 04:31:33
5468,City,No Cars Available,2016 04:37:39
5467,City,No Cars Available,2016 04:42:16
5490,City,No Cars Available,2016 04:50:21
5483,Airport,No Cars Available,2016 04:51:09
5482,City,No Cars Available,2016 04:51:13
5485,Airport,No Cars Available,2016 04:54:24
5491,City,No Cars Available,2016 04:56:23
5492,City,No Cars Available,2016 05:01:35
5504,City,No Cars Available,2016 05:05:11
5507,City,No Cars Available,2016 05:07:43
5509,City,No Cars Available,2016 05:08:36
5516,City,No Cars Available,2016 05:09:02
5527,City,No Cars Available,2016 05:17:35
5530,City,No Cars Available,2016 05:19:19
5528,City,No Cars Available,2016 05:19:40
5523,City,No Cars Available,2016 05:20:53
5532,City,No Cars Available,2016 05:22:55
5539,City,No Cars Available,2016 05:25:38
5542,City,No Cars Available,2016 05:28:04
5541,City,No Cars Available,2016 05:28:50
5546,City,No Cars Available,2016 05:33:09
5550,City,No Cars Available,2016 05:33:11
5561,City,No Cars Available,2016 05:40:28
5562,Airport,No Cars Available,2016 05:43:37
5563,City,No Cars Available,2016 05:45:23
5567,City,No Cars Available,2016 05:48:23
5571,City,No Cars Available,2016 05:52:11
5589,City,No Cars Available,2016 05:54:44
5574,City,No Cars Available,2016 05:55:11
5579,City,No Cars Available,2016 05:56:56
5588,City,No Cars Available,2016 05:58:33
5593,City,No Cars Available,2016 06:02:17
5599,City,No Cars Available,2016 06:09:11
5601,Airport,No Cars Available,2016 06:09:52
5595,City,No Cars Available,2016 06:10:06
5602,City,No Cars Available,2016 06:10:37
5592,City,No Cars Available,2016 06:10:58
5610,City,No Cars Available,2016 06:16:34
5607,City,No Cars Available,2016 06:18:51
5616,City,No Cars Available,2016 06:21:03
5611,City,No Cars Available,2016 06:21:15
5624,City,No Cars Available,2016 06:29:49
5625,City,No Cars Available,2016 06:31:11
5620,City,No Cars Available,2016 06:34:55
5633,City,No Cars Available,2016 06:41:27
5670,City,No Cars Available,2016 06:57:40
5657,City,No Cars Available,2016 07:01:00
5669,City,No Cars Available,2016 07:02:35
5658,City,No Cars Available,2016 07:03:18
5667,City,No Cars Available,2016 07:07:53
5680,City,No Cars Available,2016 07:08:09
5684,City,No Cars Available,2016 07:19:18
5695,City,No Cars Available,2016 07:26:20
5692,Airport,No Cars Available,2016 07:27:30
5693,City,No Cars Available,2016 07:27:37
5722,City,No Cars Available,2016 07:39:22
5712,City,No Cars Available,2016 07:39:41
5721,City,No Cars Available,2016 07:41:08
5727,City,No Cars Available,2016 07:41:36
5725,City,No Cars Available,2016 07:42:22
5726,City,No Cars Available,2016 07:46:01
5739,City,No Cars Available,2016 07:50:44
5744,City,No Cars Available,2016 07:55:54
5745,City,No Cars Available,2016 07:58:18
5747,City,No Cars Available,2016 07:58:52
5743,City,No Cars Available,2016 07:59:34
5758,City,No Cars Available,2016 08:06:06
5770,Airport,No Cars Available,2016 08:16:05
5762,City,No Cars Available,2016 08:23:09
5773,City,No Cars Available,2016 08:24:44
5776,City,No Cars Available,2016 08:25:08
5777,City,No Cars Available,2016 08:27:07
5779,City,No Cars Available,2016 08:27:56
5797,City,No Cars Available,2016 08:39:22
5803,City,No Cars Available,2016 08:40:46
5796,City,No Cars Available,2016 08:40:52
5804,City,No Cars Available,2016 08:42:40
5813,City,No Cars Available,2016 08:46:26
5810,City,No Cars Available,2016 08:46:52
5818,City,No Cars Available,2016 08:49:20
5819,City,No Cars Available,2016 08:49:20
5837,City,No Cars Available,2016 08:59:46
5829,City,No Cars Available,2016 09:01:29
5845,City,No Cars Available,2016 09:06:22
5841,City,No Cars Available,2016 09:07:25
5852,City,No Cars Available,2016 09:07:28
5840,City,No Cars Available,2016 09:07:45
5859,City,No Cars Available,2016 09:11:55
5858,City,No Cars Available,2016 09:14:50
5863,City,No Cars Available,2016 09:15:16
5882,City,No Cars Available,2016 09:32:02
5885,City,No Cars Available,2016 09:34:14
5881,City,No Cars Available,2016 09:36:17
5889,City,No Cars Available,2016 09:38:50
5909,City,No Cars Available,2016 10:00:54
5922,City,No Cars Available,2016 10:07:19
5931,City,No Cars Available,2016 10:10:48
5930,City,No Cars Available,2016 10:12:03
5934,Airport,No Cars Available,2016 10:12:18
5939,City,No Cars Available,2016 10:18:54
5937,City,No Cars Available,2016 10:20:55
5941,City,No Cars Available,2016 10:23:54
5946,City,No Cars Available,2016 10:28:33
5943,City,No Cars Available,2016 10:29:08
5954,City,No Cars Available,2016 10:44:46
5951,City,No Cars Available,2016 10:49:35
5959,City,No Cars Available,2016 10:53:00
5969,City,No Cars Available,2016 10:55:41
5965,City,No Cars Available,2016 10:57:44
5963,City,No Cars Available,2016 10:58:18
5968,City,No Cars Available,2016 11:08:29
5974,City,No Cars Available,2016 11:14:55
5975,City,No Cars Available,2016 11:15:11
5982,City,No Cars Available,2016 11:38:24
5985,City,No Cars Available,2016 11:41:48
5984,City,No Cars Available,2016 11:44:53
5995,City,No Cars Available,2016 11:52:19
5991,City,No Cars Available,2016 11:52:45
5997,City,No Cars Available,2016 11:54:33
5993,City,No Cars Available,2016 11:56:37
5999,City,No Cars Available,2016 12:00:50
5998,Airport,No Cars Available,2016 12:05:38
6005,City,No Cars Available,2016 12:12:45
6008,City,No Cars Available,2016 12:14:51
6011,City,No Cars Available,2016 12:21:13
6015,City,No Cars Available,2016 12:28:32
6012,Airport,No Cars Available,2016 12:29:07
6018,City,No Cars Available,2016 12:34:15
6019,City,No Cars Available,2016 12:40:38
6023,City,No Cars Available,2016 12:42:42
6025,City,No Cars Available,2016 12:45:32
6022,City,No Cars Available,2016 12:50:24
6029,City,No Cars Available,2016 12:51:21
6028,Airport,No Cars Available,2016 12:52:31
6034,City,No Cars Available,2016 12:57:23
6036,City,No Cars Available,2016 13:04:46
6040,City,No Cars Available,2016 13:09:54
6041,Airport,No Cars Available,2016 13:10:11
6038,City,No Cars Available,2016 13:10:25
6043,City,No Cars Available,2016 13:14:10
6044,City,No Cars Available,2016 13:17:58
6047,City,No Cars Available,2016 13:25:52
6048,City,No Cars Available,2016 13:29:51
6051,City,No Cars Available,2016 13:30:10
6052,City,No Cars Available,2016 13:34:37
6054,City,No Cars Available,2016 13:35:15
6053,City,No Cars Available,2016 13:35:57
6061,City,No Cars Available,2016 13:41:06
6059,Airport,No Cars Available,2016 13:44:09
6060,City,No Cars Available,2016 13:44:15
6065,City,No Cars Available,2016 13:57:54
6068,City,No Cars Available,2016 13:58:07
6071,City,No Cars Available,2016 14:00:19
6070,City,No Cars Available,2016 14:04:06
6072,City,No Cars Available,2016 14:05:38
6069,City,No Cars Available,2016 14:06:37
6077,City,No Cars Available,2016 14:10:05
6075,City,No Cars Available,2016 14:10:43
6078,City,No Cars Available,2016 14:18:01
6084,City,No Cars Available,2016 14:21:03
6085,City,No Cars Available,2016 14:23:03
6083,City,No Cars Available,2016 14:26:34
6094,City,No Cars Available,2016 14:35:30
6097,City,No Cars Available,2016 14:36:17
6092,Airport,No Cars Available,2016 14:38:06
6096,City,No Cars Available,2016 14:38:55
6095,City,No Cars Available,2016 14:40:10
6099,City,No Cars Available,2016 14:41:44
6109,City,No Cars Available,2016 15:01:11
6105,City,No Cars Available,2016 15:02:50
6110,City,No Cars Available,2016 15:05:13
6104,City,No Cars Available,2016 15:08:25
6115,Airport,No Cars Available,2016 15:12:08
6119,City,No Cars Available,2016 15:24:26
6121,City,No Cars Available,2016 15:27:59
6126,City,No Cars Available,2016 15:28:37
6123,City,No Cars Available,2016 15:29:25
6125,City,No Cars Available,2016 15:32:54
6127,City,No Cars Available,2016 15:34:16
6130,City,No Cars Available,2016 15:37:15
6128,City,No Cars Available,2016 15:38:20
6135,City,No Cars Available,2016 15:42:12
6134,City,No Cars Available,2016 15:46:11
6136,City,No Cars Available,2016 15:46:19
6137,Airport,No Cars Available,2016 15:50:27
6138,City,No Cars Available,2016 15:52:06
6143,City,No Cars Available,2016 15:54:55
6144,City,No Cars Available,2016 16:07:31
6149,City,No Cars Available,2016 16:18:59
6146,Airport,No Cars Available,2016 16:19:03
6148,City,No Cars Available,2016 16:20:39
6155,City,No Cars Available,2016 16:24:44
6151,City,No Cars Available,2016 16:25:38
6154,City,No Cars Available,2016 16:25:51
6156,City,No Cars Available,2016 16:32:42
6162,City,No Cars Available,2016 16:37:26
6163,City,No Cars Available,2016 16:37:36
6161,City,No Cars Available,2016 16:38:45
6168,City,No Cars Available,2016 16:41:53
6169,City,No Cars Available,2016 16:42:53
6164,City,No Cars Available,2016 16:43:12
6165,City,No Cars Available,2016 16:43:36
6170,City,No Cars Available,2016 16:44:22
6166,City,No Cars Available,2016 16:46:33
6172,City,No Cars Available,2016 16:47:39
6171,City,No Cars Available,2016 16:51:23
6174,City,No Cars Available,2016 16:53:23
6177,City,No Cars Available,2016 17:00:26
6181,Airport,No Cars Available,2016 17:05:16
6178,City,No Cars Available,2016 17:06:38
6186,Airport,No Cars Available,2016 17:08:43
6184,Airport,No Cars Available,2016 17:08:54
6185,Airport,No Cars Available,2016 17:11:14
6195,City,No Cars Available,2016 17:13:58
6194,Airport,No Cars Available,2016 17:14:08
6183,Airport,No Cars Available,2016 17:14:28
6201,Airport,No Cars Available,2016 17:15:57
6188,Airport,No Cars Available,2016 17:16:13
6189,Airport,No Cars Available,2016 17:16:52
6206,Airport,No Cars Available,2016 17:22:03
6202,Airport,No Cars Available,2016 17:22:39
6200,Airport,No Cars Available,2016 17:22:51
6204,Airport,No Cars Available,2016 17:26:10
6207,Airport,No Cars Available,2016 17:27:28
6212,Airport,No Cars Available,2016 17:28:26
6222,Airport,No Cars Available,2016 17:28:39
6225,Airport,No Cars Available,2016 17:32:56
6218,Airport,No Cars Available,2016 17:34:28
6210,Airport,No Cars Available,2016 17:35:20
6215,Airport,No Cars Available,2016 17:35:39
6224,City,No Cars Available,2016 17:35:52
6220,Airport,No Cars Available,2016 17:36:15
6216,Airport,No Cars Available,2016 17:37:12
6223,Airport,No Cars Available,2016 17:37:12
6211,Airport,No Cars Available,2016 17:37:44
6219,Airport,No Cars Available,2016 17:39:44
6227,City,No Cars Available,2016 17:42:07
6238,Airport,No Cars Available,2016 17:44:18
6230,Airport,No Cars Available,2016 17:44:31
6244,Airport,No Cars Available,2016 17:46:24
6233,Airport,No Cars Available,2016 17:48:34
6240,Airport,No Cars Available,2016 17:48:55
6236,Airport,No Cars Available,2016 17:51:02
6234,Airport,No Cars Available,2016 17:51:18
6239,Airport,No Cars Available,2016 17:52:26
6241,Airport,No Cars Available,2016 17:54:59
6246,Airport,No Cars Available,2016 17:56:33
6255,Airport,No Cars Available,2016 17:57:07
6256,Airport,No Cars Available,2016 18:01:11
6251,Airport,No Cars Available,2016 18:02:07
6263,Airport,No Cars Available,2016 18:02:24
6258,Airport,No Cars Available,2016 18:03:01
6243,Airport,No Cars Available,2016 18:04:28
6259,Airport,No Cars Available,2016 18:04:51
6260,Airport,No Cars Available,2016 18:05:56
6268,Airport,No Cars Available,2016 18:06:23
6247,Airport,No Cars Available,2016 18:06:35
6269,Airport,No Cars Available,2016 18:06:52
6265,Airport,No Cars Available,2016 18:10:18
6266,Airport,No Cars Available,2016 18:10:20
6277,Airport,No Cars Available,2016 18:10:29
6282,Airport,No Cars Available,2016 18:12:14
6272,Airport,No Cars Available,2016 18:13:22
6275,Airport,No Cars Available,2016 18:13:56
6280,Airport,No Cars Available,2016 18:14:38
6283,Airport,No Cars Available,2016 18:14:52
6279,Airport,No Cars Available,2016 18:15:02
6264,Airport,No Cars Available,2016 18:15:40
6290,Airport,No Cars Available,2016 18:15:46
6276,Airport,No Cars Available,2016 18:16:11
6294,Airport,No Cars Available,2016 18:17:11
6285,Airport,No Cars Available,2016 18:18:28
6296,Airport,No Cars Available,2016 18:19:03
6287,Airport,No Cars Available,2016 18:19:55
6286,City,No Cars Available,2016 18:20:36
6289,Airport,No Cars Available,2016 18:22:01
6291,Airport,No Cars Available,2016 18:22:36
6293,Airport,No Cars Available,2016 18:23:02
6298,Airport,No Cars Available,2016 18:24:14
6295,Airport,No Cars Available,2016 18:24:55
6292,Airport,No Cars Available,2016 18:25:07
6312,Airport,No Cars Available,2016 18:25:29
6305,Airport,No Cars Available,2016 18:27:49
6307,City,No Cars Available,2016 18:28:55
6306,Airport,No Cars Available,2016 18:29:36
6315,Airport,No Cars Available,2016 18:30:33
6313,Airport,No Cars Available,2016 18:30:45
6308,Airport,No Cars Available,2016 18:30:48
6319,City,No Cars Available,2016 18:31:59
6320,Airport,No Cars Available,2016 18:32:47
6325,Airport,No Cars Available,2016 18:33:07
6311,City,No Cars Available,2016 18:33:11
6318,Airport,No Cars Available,2016 18:34:36
6322,Airport,No Cars Available,2016 18:37:54
6324,Airport,No Cars Available,2016 18:38:18
6327,Airport,No Cars Available,2016 18:43:08
6328,Airport,No Cars Available,2016 18:44:01
6330,Airport,No Cars Available,2016 18:44:06
6331,Airport,No Cars Available,2016 18:44:37
6337,Airport,No Cars Available,2016 18:45:29
6339,Airport,No Cars Available,2016 18:45:52
6342,Airport,No Cars Available,2016 18:48:52
6326,Airport,No Cars Available,2016 18:49:03
6340,Airport,No Cars Available,2016 18:49:05
6336,Airport,No Cars Available,2016 18:49:34
6332,Airport,No Cars Available,2016 18:49:52
6341,Airport,No Cars Available,2016 18:50:36
6347,Airport,No Cars Available,2016 18:52:36
6344,Airport,No Cars Available,2016 18:53:38
6349,City,No Cars Available,2016 18:55:00
6351,Airport,No Cars Available,2016 18:56:18
6356,Airport,No Cars Available,2016 18:56:46
6355,Airport,No Cars Available,2016 18:59:24
6358,Airport,No Cars Available,2016 18:59:48
6359,Airport,No Cars Available,2016 18:59:56
6357,Airport,No Cars Available,2016 19:02:00
6352,Airport,No Cars Available,2016 19:02:10
6360,Airport,No Cars Available,2016 19:04:23
6373,Airport,No Cars Available,2016 19:05:34
6361,Airport,No Cars Available,2016 19:06:52
6368,Airport,No Cars Available,2016 19:07:35
6365,Airport,No Cars Available,2016 19:08:15
6371,Airport,No Cars Available,2016 19:08:58
6366,Airport,No Cars Available,2016 19:09:02
6370,Airport,No Cars Available,2016 19:09:08
6378,Airport,No Cars Available,2016 19:11:17
6369,Airport,No Cars Available,2016 19:11:44
6381,Airport,No Cars Available,2016 19:18:21
6388,City,No Cars Available,2016 19:18:28
6391,Airport,No Cars Available,2016 19:19:01
6389,Airport,No Cars Available,2016 19:19:20
6394,Airport,No Cars Available,2016 19:19:36
6395,Airport,No Cars Available,2016 19:19:46
6396,Airport,No Cars Available,2016 19:19:53
6387,Airport,No Cars Available,2016 19:20:56
6383,Airport,No Cars Available,2016 19:21:44
6386,Airport,No Cars Available,2016 19:24:14
6406,Airport,No Cars Available,2016 19:30:04
6407,City,No Cars Available,2016 19:31:37
6405,Airport,No Cars Available,2016 19:34:29
6408,Airport,No Cars Available,2016 19:34:36
6410,Airport,No Cars Available,2016 19:35:41
6412,Airport,No Cars Available,2016 19:37:27
6421,Airport,No Cars Available,2016 19:39:04
6411,Airport,No Cars Available,2016 19:40:25
6409,City,No Cars Available,2016 19:40:35
6414,Airport,No Cars Available,2016 19:40:51
6422,Airport,No Cars Available,2016 19:41:26
6415,Airport,No Cars Available,2016 19:44:14
6420,Airport,No Cars Available,2016 19:48:10
6424,Airport,No Cars Available,2016 19:49:13
6423,Airport,No Cars Available,2016 19:49:18
6426,Airport,No Cars Available,2016 19:50:16
6428,Airport,No Cars Available,2016 19:51:23
6440,Airport,No Cars Available,2016 19:52:29
6431,Airport,No Cars Available,2016 19:52:38
6436,Airport,No Cars Available,2016 19:53:41
6427,Airport,No Cars Available,2016 19:54:31
6443,Airport,No Cars Available,2016 19:54:55
6439,Airport,No Cars Available,2016 19:55:57
6441,Airport,No Cars Available,2016 19:59:01
6444,Airport,No Cars Available,2016 20:00:30
6447,Airport,No Cars Available,2016 20:01:35
6442,Airport,No Cars Available,2016 20:05:31
6449,Airport,No Cars Available,2016 20:06:12
6456,Airport,No Cars Available,2016 20:06:15
6454,Airport,No Cars Available,2016 20:06:20
6455,Airport,No Cars Available,2016 20:06:22
6459,Airport,No Cars Available,2016 20:06:28
6463,Airport,No Cars Available,2016 20:08:29
6473,Airport,No Cars Available,2016 20:10:42
6464,Airport,No Cars Available,2016 20:10:43
6468,Airport,No Cars Available,2016 20:12:47
6458,Airport,No Cars Available,2016 20:12:57
6469,City,No Cars Available,2016 20:13:19
6465,Airport,No Cars Available,2016 20:14:15
6467,Airport,No Cars Available,2016 20:15:04
6466,Airport,No Cars Available,2016 20:15:30
6474,Airport,No Cars Available,2016 20:15:59
6476,Airport,No Cars Available,2016 20:16:22
6481,Airport,No Cars Available,2016 20:19:05
6472,Airport,No Cars Available,2016 20:19:08
6480,Airport,No Cars Available,2016 20:19:28
6479,Airport,No Cars Available,2016 20:20:38
6482,Airport,No Cars Available,2016 20:23:05
6485,Airport,No Cars Available,2016 20:23:50
6483,Airport,No Cars Available,2016 20:23:59
6493,Airport,No Cars Available,2016 20:24:55
6494,Airport,No Cars Available,2016 20:27:44
6489,Airport,No Cars Available,2016 20:28:23
6495,Airport,No Cars Available,2016 20:28:26
6504,Airport,No Cars Available,2016 20:31:24
6498,Airport,No Cars Available,2016 20:33:37
6500,Airport,No Cars Available,2016 20:33:46
6512,Airport,No Cars Available,2016 20:34:07
6511,Airport,No Cars Available,2016 20:34:19
6502,Airport,No Cars Available,2016 20:34:24
6506,Airport,No Cars Available,2016 20:35:28
6507,Airport,No Cars Available,2016 20:36:37
6510,Airport,No Cars Available,2016 20:39:00
6501,Airport,No Cars Available,2016 20:39:41
6513,Airport,No Cars Available,2016 20:40:47
6517,Airport,No Cars Available,2016 20:41:34
6516,Airport,No Cars Available,2016 20:43:52
6518,Airport,No Cars Available,2016 20:43:53
6514,Airport,No Cars Available,2016 20:45:30
6515,Airport,No Cars Available,2016 20:45:59
6521,Airport,No Cars Available,2016 20:46:02
6522,City,No Cars Available,2016 20:46:49
6524,Airport,No Cars Available,2016 20:48:02
6529,Airport,No Cars Available,2016 20:48:29
6532,Airport,No Cars Available,2016 20:49:50
6520,Airport,No Cars Available,2016 20:51:33
6525,Airport,No Cars Available,2016 20:51:49
6536,Airport,No Cars Available,2016 20:51:50
6526,Airport,No Cars Available,2016 20:52:28
6535,Airport,No Cars Available,2016 20:52:29
6528,Airport,No Cars Available,2016 20:52:44
6523,Airport,No Cars Available,2016 20:54:03
6545,Airport,No Cars Available,2016 20:54:45
6544,Airport,No Cars Available,2016 20:54:50
6534,Airport,No Cars Available,2016 20:55:29
6542,City,No Cars Available,2016 20:55:46
6539,Airport,No Cars Available,2016 20:57:01
6547,Airport,No Cars Available,2016 20:59:40
6546,Airport,No Cars Available,2016 21:01:08
6549,Airport,No Cars Available,2016 21:02:25
6550,Airport,No Cars Available,2016 21:04:01
6555,Airport,No Cars Available,2016 21:05:56
6553,Airport,No Cars Available,2016 21:06:08
6564,Airport,No Cars Available,2016 21:08:26
6552,Airport,No Cars Available,2016 21:08:54
6565,Airport,No Cars Available,2016 21:09:35
6570,Airport,No Cars Available,2016 21:11:40
6567,Airport,No Cars Available,2016 21:12:32
6566,Airport,No Cars Available,2016 21:12:45
6569,Airport,No Cars Available,2016 21:15:21
6579,Airport,No Cars Available,2016 21:16:03
6574,Airport,No Cars Available,2016 21:16:17
6578,Airport,No Cars Available,2016 21:16:31
6576,Airport,No Cars Available,2016 21:20:21
6581,Airport,No Cars Available,2016 21:20:28
6586,Airport,No Cars Available,2016 21:22:23
6583,Airport,No Cars Available,2016 21:23:15
6585,City,No Cars Available,2016 21:23:24
6580,Airport,No Cars Available,2016 21:24:05
6588,Airport,No Cars Available,2016 21:26:47
6584,Airport,No Cars Available,2016 21:28:16
6593,Airport,No Cars Available,2016 21:29:57
6589,Airport,No Cars Available,2016 21:30:10
6595,Airport,No Cars Available,2016 21:30:53
6591,City,No Cars Available,2016 21:32:55
6599,Airport,No Cars Available,2016 21:37:14
6592,Airport,No Cars Available,2016 21:39:04
6594,Airport,No Cars Available,2016 21:39:52
6601,Airport,No Cars Available,2016 21:39:57
6603,Airport,No Cars Available,2016 21:40:10
6598,Airport,No Cars Available,2016 21:40:33
6600,Airport,No Cars Available,2016 21:41:02
6607,City,No Cars Available,2016 21:43:07
6602,Airport,No Cars Available,2016 21:43:55
6606,Airport,No Cars Available,2016 21:44:05
6605,Airport,No Cars Available,2016 21:44:55
6611,Airport,No Cars Available,2016 21:47:07
6626,Airport,No Cars Available,2016 21:51:04
6627,Airport,No Cars Available,2016 21:51:10
6618,Airport,No Cars Available,2016 21:52:01
6625,Airport,No Cars Available,2016 21:52:53
6629,Airport,No Cars Available,2016 21:53:37
6628,Airport,No Cars Available,2016 21:54:21
6624,Airport,No Cars Available,2016 21:56:00
6632,Airport,No Cars Available,2016 21:59:40
6637,Airport,No Cars Available,2016 22:01:46
6640,Airport,No Cars Available,2016 22:02:01
6641,Airport,No Cars Available,2016 22:03:02
6631,Airport,No Cars Available,2016 22:03:39
6652,Airport,No Cars Available,2016 22:04:25
6639,Airport,No Cars Available,2016 22:04:45
6636,Airport,No Cars Available,2016 22:04:58
6646,Airport,No Cars Available,2016 22:06:19
6650,Airport,No Cars Available,2016 22:08:54
6644,Airport,No Cars Available,2016 22:11:08
6655,Airport,No Cars Available,2016 22:12:38
6666,Airport,No Cars Available,2016 22:17:35
6662,City,No Cars Available,2016 22:18:37
6668,Airport,No Cars Available,2016 22:18:53
6670,Airport,No Cars Available,2016 22:20:46
6667,Airport,No Cars Available,2016 22:21:14
6654,Airport,No Cars Available,2016 22:21:19
6664,City,No Cars Available,2016 22:22:23
6665,Airport,No Cars Available,2016 22:23:42
6671,Airport,No Cars Available,2016 22:25:04
6672,City,No Cars Available,2016 22:26:06
6678,Airport,No Cars Available,2016 22:26:26
6673,Airport,No Cars Available,2016 22:28:52
6680,Airport,No Cars Available,2016 22:32:09
6687,Airport,No Cars Available,2016 22:33:50
6683,City,No Cars Available,2016 22:34:01
6686,Airport,No Cars Available,2016 22:36:13
6688,Airport,No Cars Available,2016 22:37:37
6689,Airport,No Cars Available,2016 22:43:46
6693,City,No Cars Available,2016 22:49:33
6696,City,No Cars Available,2016 22:49:45
6697,Airport,No Cars Available,2016 22:51:18
6709,Airport,No Cars Available,2016 22:56:00
6706,Airport,No Cars Available,2016 22:58:15
6708,City,No Cars Available,2016 23:03:23
6713,City,No Cars Available,2016 23:08:14
6715,City,No Cars Available,2016 23:11:41
6716,City,No Cars Available,2016 23:14:36
6718,Airport,No Cars Available,2016 23:14:39
6720,City,No Cars Available,2016 23:16:48
6722,Airport,No Cars Available,2016 23:18:21
6725,Airport,No Cars Available,2016 23:21:53
6728,City,No Cars Available,2016 23:26:50
6730,Airport,No Cars Available,2016 23:27:55
6732,Airport,No Cars Available,2016 23:35:50
6737,Airport,No Cars Available,2016 23:39:15
6744,Airport,No Cars Available,2016 23:42:51
6740,City,No Cars Available,2016 23:43:54
6746,City,No Cars Available,2016 23:46:03
6739,City,No Cars Available,2016 23:46:20
6745,City,No Cars Available,2016 23:49:03
6752,Airport,No Cars Available,2016 23:50:05
6751,City,No Cars Available,2016 23:52:06
6754,City,No Cars Available,2016 23:54:39
6753,Airport,No Cars Available,2016 23:55:03
